id,domain,status,purchase_price,renewal_price,attractiveness,demand,length,registrar,created_at,expires_at,status_verified_at
00620b57-90e6-478b-be52-6ecee41d8c9c,organisations.services,available,14.99,38.99,medium,low,13,namesilo,,,21/09/2026 01:37
81494693-091d-49f2-a5e7-c1774e855252,acapulco.services,available,5.48,51.98,high,low,8,namecheap,,,16/09/2026 21:10
68df1c1f-c45e-4bfa-8e75-41747d2107cb,angelfish.services,available,14.99,38.99,high,low,9,namesilo,,,19/09/2026 05:56
b2b70886-dc12-4b68-95e2-f779dfc58493,hagerstown.services,available,4.86,31.25,medium,low,10,spaceship,,,29/09/2026 19:06
377f876e-f947-4671-86e7-58010cb143c9,tush.services,available,5.48,51.98,medium,low,4,namecheap,,,09/08/2026 11:45
7dcfa5a9-10c6-4573-9298-909902999512,uplifted.services,available,5.48,51.98,high,low,8,namecheap,,,12/09/2026 23:11
2b40c127-f508-42b7-95a0-fe11bd6eb13c,compelling.services,premium,242,242,high,low,10,namesilo,,,23/09/2026 17:02
94a2d04a-290b-4811-b397-826bbc16db52,forgetful.services,available,5.48,51.98,medium,low,9,namecheap,,,18/08/2026 11:56
0e42f93c-44ce-4ef1-b23a-0d9311c58da7,writers.services,premium,66.5,,high,low,7,unstoppable,,,28/09/2026 04:38
0595f698-3a1f-4dfa-aa45-1b31eaee3120,goody.services,available,15.99,52.99,high,low,5,name.com,,,13/08/2026 15:54
ee12087e-aa42-40f7-8c52-5677c12b600d,cetacean.services,available,5.48,51.98,medium,low,8,namecheap,,,12/08/2026 01:02
8b2fea4b-c3ea-4312-8bfb-072414c9f108,despised.services,available,5.48,51.98,medium,low,8,namecheap,,,14/08/2026 04:10
e8926f1a-0101-4ddf-b15e-db9a7b24bb69,acceptor.services,available,14.99,38.99,high,low,8,namesilo,,,16/09/2026 22:02
fa65ea84-2d19-4184-b0c5-bd463694f39c,resignation.services,available,15.99,,high,low,11,name.com,,,
b383f819-4ccc-4935-9f1b-d932290f3e90,erst.services,available,5.48,51.98,high,low,4,namecheap,,,17/08/2026 13:07
72618723-a52f-4477-94d3-2e2815c4da07,mubarak.services,available,4.86,31.25,medium,low,7,spaceship,,,29/09/2026 13:04
8f3aca5e-eec3-4959-b3a5-02076965cbe8,maguire.services,available,13.5,,high,low,7,unstoppable,,,28/09/2026 04:17
55fe5619-ea80-4836-9b7b-7371d91bd45b,cyprian.services,available,15.99,52.99,medium,low,7,name.com,,,13/08/2026 14:02
8bc19956-d613-4da8-897e-2ccf030a6f71,broiled.services,available,5.48,51.98,medium,low,7,namecheap,,,11/08/2026 05:19
3bc952b7-f8b5-4229-8475-6e191c506c94,distributed.services,premium,46.2,92.4,high,low,11,namecheap,,,
1c9131d4-96bc-4314-8e14-9fa2b1e91eb4,permits.services,available,4.86,31.25,medium,low,7,spaceship,,,28/09/2026 23:51
7d1d9796-7c5e-4389-8162-0ee6f17fe286,during.services,available,15.99,,medium,low,6,name.com,,,
33812ce3-cba6-42a5-86f9-adcede1af7b3,abstemious.services,available,5.48,51.98,medium,low,10,namecheap,,,
eed2d3ee-0ec5-4b50-bf16-4ac467a99deb,extended.services,premium,130,260,high,low,8,namecheap,,,14/08/2026 18:31
5c1bc825-5a9b-4970-b1f9-1096259809d1,atonement.services,available,5.48,51.98,high,low,9,namecheap,,,21/09/2026 00:28
60971b75-3e47-4418-8b53-cc5f19228559,penultima.services,available,5.48,51.98,medium,low,9,namecheap,,,08/09/2026 15:14
37550b32-e93d-4ff4-b84f-26bc820ed76c,negotiating.services,available,4.86,31.25,medium,low,11,spaceship,,,29/09/2026 00:06
01ba5e01-10e7-4ef7-b505-1f06e2f4f7f9,annum.services,available,14.99,38.99,high,low,5,namesilo,,,19/09/2026 11:04
fa2f76d6-8d9a-428c-a7cc-b148c095ea1f,professor.services,premium,280,560,high,low,9,namecheap,,,
dd2fa876-ec4f-4857-a317-ab8efb3743dd,devoting.services,available,14.99,38.99,medium,low,8,namesilo,,,17/09/2026 17:04
8ffca168-002d-44f0-bfe1-48b0a92cf595,prattle.services,available,14.99,38.99,medium,low,7,namesilo,,,23/09/2026 23:32
cf230540-7d25-4736-a65b-4f27a4914425,doxepin.services,available,14.99,38.99,medium,low,7,namesilo,,,17/09/2026 06:25
45f35d12-7ea9-4217-b21b-d0d12711fd4a,upcountry.services,available,5.48,51.98,medium,low,9,namecheap,,,24/08/2026 22:37
f2ac245e-31a9-4132-ace5-a711c6ad2c5b,greensboro.services,premium,242,242,high,low,10,namesilo,,,27/09/2026 04:17
fd7b8191-de15-4bf7-86a0-28b94cb48e4e,firstborn.services,available,5.48,51.98,high,low,9,namecheap,,,16/08/2026 02:17
1bf9bd7f-8e7e-4bc5-8385-3f237a6542c0,merging.services,available,14.99,38.99,high,low,7,namesilo,,,27/09/2026 06:52
2769ccf3-9327-4cfd-bfde-b19f18ebb3b1,allotropic.services,available,5.48,51.98,medium,low,10,namecheap,,,
ec038c17-c14b-4636-8dfb-574f8937f18e,accessory.services,available,14.99,38.99,high,low,9,namesilo,,,28/09/2026 15:37
9ff00a40-903c-40bc-aa0d-e7f98e7f602d,malthusian.services,available,5.48,51.98,medium,low,10,namecheap,,,24/08/2026 14:17
b1637e32-1b21-405f-a4ee-00a31785cc1a,anzac.services,available,5.48,51.98,high,low,5,namecheap,,,19/09/2026 16:00
cc653f06-2726-455b-bf5d-1d6c38e42213,fallible.services,available,5.48,51.98,medium,low,8,namecheap,,,17/08/2026 21:30
5d9b847e-e951-4c8b-bd84-f69a0eb182d5,barramundi.services,available,14.99,38.99,medium,low,10,namesilo,,,20/09/2026 14:04
76dfb120-5629-4169-b099-6b767c39cd1f,impossibly.services,available,5.48,51.98,medium,low,10,namecheap,,,15/09/2026 04:27
50ef8c80-1015-4502-b035-d7700869b3e0,testator.services,available,5.48,51.98,medium,low,8,namecheap,,,11/09/2026 12:02
9c320f6c-11ba-4bef-af1a-2506512708db,quickest.services,resell,,,medium,low,8,"Sav.com, LLC - 32",02/09/2025 15:15,02/09/2027 15:15,26/09/2026 08:27
41d73823-407b-403e-bf9a-6862927bcab1,hannibal.services,available,14.99,38.99,high,low,8,namesilo,,,27/09/2026 04:24
2e540d39-c89c-4b58-8f5d-446ea6d0fcc9,superiors.services,available,13.5,,medium,low,9,unstoppable,,,29/09/2026 05:50
d807514a-425b-4ce6-b483-d1b8b9d06b95,painful.services,available,5.48,51.98,high,low,7,namecheap,,,
9c27254b-dc13-42b4-aff5-f5e83ccc8eff,renee.services,resell,,,medium,low,5,,,,28/09/2026 21:55
2f0ceeb1-3984-404a-b631-715742e1cf39,indonesian.services,premium,42.9,85.8,high,low,10,namecheap,,,22/08/2026 03:20
70f8ecc9-211e-405b-871c-8a8ae567fbc8,smoky.services,available,5.48,51.98,medium,low,5,namecheap,,,10/09/2026 11:59
b000e316-1280-4e14-a849-9901ea8c21d4,springlike.services,available,5.48,51.98,medium,low,10,namecheap,,,10/09/2026 16:53
4fd159c1-b264-40fb-8ab7-c273e3c67cf0,lissom.services,available,5.48,51.98,medium,low,6,namecheap,,,23/08/2026 23:41
062d5e4e-a0a2-4925-b4c8-105d44b2d4a8,secretly.services,available,5.48,51.98,medium,low,8,namecheap,,,15/09/2026 06:37
3c247ae7-2609-4f41-89f5-2a08fe06b933,bavarian.services,available,5.48,51.98,medium,low,8,namecheap,,,09/08/2026 02:00
a7c0d4e3-badd-4429-92c4-ab2a3c09d976,stepaside.services,available,14.99,38.99,medium,low,10,namesilo,,,16/09/2026 15:09
3b15a864-d4ff-48d3-847a-2bf41a83e44c,avian.services,available,14.99,38.99,high,low,5,namesilo,,,24/09/2026 08:23
431b517c-d741-460e-9d8b-5909a11e94a0,detour.services,available,14.99,38.99,high,low,6,namesilo,,,29/09/2026 14:19
23990315-b766-4b5d-8cca-b76e7deb48e8,slugs.services,available,14.99,38.99,medium,low,5,namesilo,,,20/09/2026 08:54
1d422eca-bbf9-403c-8e6c-6234d6a4893b,subtitles.services,available,13.5,,medium,low,9,unstoppable,,,28/09/2026 18:07
33c2e815-9a73-4e5e-8131-64631676280c,wilfrid.services,available,5.48,51.98,medium,low,7,namecheap,,,29/09/2026 09:35
fabd6f99-0ba9-461a-abad-bb91bb7c25cb,pageant.services,available,5.48,51.98,high,low,7,namecheap,,,28/09/2026 02:36
cb30caf1-ccd9-4df0-ab7f-a1db79d32a7b,feeling.services,available,13.5,,high,low,7,unstoppable,,,29/09/2026 19:08
7edee9d3-b7d4-4228-99b4-bdd52cf28038,kudos.services,available,14.99,38.99,high,low,5,namesilo,,,29/09/2026 10:58
668b0a52-1fd9-440e-bf9f-b3a838ce6862,potently.services,available,5.48,51.98,medium,low,8,namecheap,,,15/09/2026 21:07
8fe2f6ff-6077-40a9-8e39-8ca98d17344f,spangly.services,available,5.48,51.98,medium,low,7,namecheap,,,18/08/2026 21:20
cfdbb875-658f-4340-a483-d059c1e411cd,aimless.services,available,5.48,51.98,medium,low,7,namecheap,,,
476f54f2-073d-48a9-91ee-0272f7354508,nebulous.services,available,5.48,51.98,medium,low,8,namecheap,,,12/08/2026 12:45
89c99d4d-44d6-4e3a-9b5d-1b2ea1922290,bessie.services,available,13.5,,medium,low,6,unstoppable,,,28/09/2026 03:55
098c488a-d216-4b71-a43a-1bb0ace9bf5a,frye.services,available,4.86,31.25,medium,low,4,spaceship,,,28/09/2026 19:16
c140239e-c321-4108-b1c2-723b2f968763,protocols.services,available,14.99,38.99,medium,low,9,namesilo,,,19/09/2026 04:47
b51ba4a0-6c00-42c7-8863-7ce5b24753b0,gangs.services,available,4.86,31.25,low,low,5,spaceship,,,28/09/2026 13:19
d776fa4b-e9a5-4f5b-b99b-a70513bcf5bf,whatsoever.services,available,14.99,38.99,medium,low,10,namesilo,,,22/09/2026 06:59
a6cae910-8d30-498f-8981-7f05fe00d306,podgy.services,available,5.48,51.98,low,low,5,namecheap,,,08/09/2026 22:22
e6d0b9e8-63b0-46a3-af8f-e0e630a31680,subatomic.services,available,5.48,51.98,medium,low,9,namecheap,,,10/09/2026 23:38
e58a6c9f-864e-4dcd-a678-e2d9811776a4,sandfish.services,available,5.48,51.98,medium,low,8,namecheap,,,22/09/2026 19:42
4cdb8b18-e7d7-4525-94c3-65d636faf105,hallowmas.services,available,14.99,38.99,medium,low,9,namesilo,,,18/09/2026 09:30
c3cfb931-1b85-47af-9b20-eb6b7186e479,eased.services,available,5.48,51.98,high,low,5,namecheap,,,
b90a0060-e8a9-4388-bcb0-8eacd2e7949a,judith.services,available,4.86,31.25,high,low,6,spaceship,,,28/09/2026 05:18
836622c2-c9ed-4ef0-b1d8-e06d32f55eef,numeral.services,available,5.48,51.98,high,low,7,namecheap,,,03/09/2026 22:50
44ffb4b7-29e5-465c-b3e9-a8e37a61fdac,aioli.services,available,5.48,51.98,high,low,5,namecheap,,,17/09/2026 21:30
b314c550-4927-4974-aaf6-1a2877450224,sudsy.services,available,5.48,51.98,medium,low,5,namecheap,,,22/08/2026 20:37
f1c6737e-cd71-497f-a0ea-47cca09c9e64,quantum.services,resell,,,high,medium,7,,,,28/09/2026 15:10
afeb1ec1-7e7e-432a-b49e-984051952786,unreported.services,available,5.48,51.98,medium,low,10,namecheap,,,12/09/2026 18:19
bbb18449-eeef-4a65-b683-751aafa598cc,greyhound.services,available,14.99,38.99,high,low,9,namesilo,,,30/09/2026 01:48
7bef54fa-be85-4788-9b52-1a9b761f46d7,sitting.services,premium,103.7,207.2,high,low,7,spaceship,,,27/09/2026 19:14
7cbd410f-8d5b-4683-8363-2aa3f5dd7ce6,fledged.services,available,5.48,51.98,high,low,7,namecheap,,,18/08/2026 07:25
21905c3b-3906-4863-9977-5bf80f35203e,mucky.services,available,5.48,51.98,medium,low,5,namecheap,,,10/08/2026 17:06
c175865c-1838-4773-a07a-1370a1f04cda,network.services,resell,,,high,medium,7,NameWeb BVBA,21/06/2015 16:00,21/06/2027 16:00,29/09/2026 00:39
e1f8e377-17ae-49c3-a53e-42cedee04404,obdurate.services,available,5.48,51.98,medium,low,8,namecheap,,,13/08/2026 12:15
2cef6f90-4d5f-4227-ac83-cc80d55a802e,northern.services,resell,,,high,low,8,"Sav.com, LLC - 31",03/03/2026 15:15,03/03/2027 15:15,26/09/2026 07:48
0368866c-bb19-4965-a4b0-2b57232ed044,overstep.services,available,5.48,51.98,medium,low,8,namecheap,,,11/09/2026 17:25
75606e74-e1fb-487a-91e8-96e12fd799d6,labor.services,resell,,,high,low,5,,,,28/09/2026 07:28
1dbe5bbc-0a86-4001-b976-70079d3db23f,analgesic.services,available,5.48,51.98,high,low,9,namecheap,,,
6615a979-8459-451d-a837-e835019b0474,bengal.services,available,14.99,38.99,high,low,6,namesilo,,,23/09/2026 07:59
6f5d2eb9-a463-46b1-92d0-a282ee6738b8,instruction.services,premium,260,520,high,low,11,namecheap,,,28/09/2026 02:38
2c07e842-b6f6-4a21-97cc-4c61b7049cb9,filetype.services,available,15.99,,medium,low,9,name.com,,,
97267993-d260-4c9c-b3cb-b5dba776ac65,deist.services,available,5.48,51.98,medium,low,5,namecheap,,,14/08/2026 00:15
122869b3-1f0b-4e1e-b9ac-e845d67f40bf,christine.services,available,30.2,30.2,high,low,9,cloudflare,,,27/09/2026 19:02
95807cb6-2788-4d75-baa4-5cc271e51e0f,anemometry.services,available,14.99,38.99,medium,low,10,namesilo,,,19/09/2026 05:18
1daf532f-7843-4041-a37f-2446964e7a28,feng.services,available,14.99,38.99,high,low,4,namesilo,,,27/09/2026 06:56
8490f6b3-26ff-426a-a334-de1e86ab7efa,relatively.services,available,5.48,51.98,medium,low,10,namecheap,,,28/09/2026 14:14
d0080ea7-f523-437e-a1b6-680099853f22,squeaking.services,available,5.48,51.98,medium,low,9,namecheap,,,10/09/2026 00:03
496e0f16-1a29-4613-96d8-7b2e427a5f32,honey.services,resell,,,high,medium,5,Dynadot Inc,02/03/2026 18:05,02/03/2027 18:05,27/09/2026 06:52
aeb74dc9-d9e5-466b-9e4b-b9f49c1c2113,stylistic.services,available,5.48,51.98,high,low,9,namecheap,,,10/09/2026 23:19
421ec774-39cb-4386-8547-ec7fb6d56018,posh.services,resell,,,high,low,4,"GoDaddy.com, LLC",16/05/2026 17:02,16/05/2027 17:02,27/09/2026 06:52
1fdfd8ce-d056-43f8-9d81-78a027a3cd6a,folks.services,available,14.99,38.99,high,low,5,namesilo,,,24/09/2026 16:34
35826c5b-0d47-44e7-a145-8384f0790972,obscene.services,available,5.48,51.98,high,low,7,namecheap,,,
c7993210-f0ea-4d44-8c97-3bf0c81fbe21,considered.services,available,5.48,51.98,high,low,10,namecheap,,,23/09/2026 20:51
a5a1d477-b05f-4b0e-b3c1-4649557be5aa,alan.services,resell,,,high,low,4,"GoDaddy.com, LLC",16/05/2026 17:03,16/05/2027 17:03,26/09/2026 01:28
17a55f41-31ab-4ee1-b1d3-b842c654a9b5,yogic.services,available,5.48,51.98,medium,low,5,namecheap,,,13/09/2026 14:41
a43bbf80-a645-4861-8de4-e9d802d6eb29,defenses.services,available,14.99,38.99,medium,low,8,namesilo,,,29/09/2026 10:39
3ba88eeb-dbe2-4f54-84e1-8b0d61f11fe1,collects.services,available,4.86,31.25,medium,low,8,spaceship,,,29/09/2026 17:04
02b81346-a132-4088-af52-477ff210476f,potpourri.services,available,5.48,51.98,high,low,9,namecheap,,,25/08/2026 08:24
3bdc3fc3-ee4a-4f7a-a5df-01365004e82e,onshore.services,available,5.48,51.98,high,low,7,namecheap,,,22/08/2026 06:55
b8e67bb2-06d0-4f51-ae9d-feaf0b41fe4f,friday.services,resell,,,high,low,6,"GoDaddy.com, LLC",16/05/2026 17:03,16/05/2027 17:03,26/09/2026 06:15
6ecee144-0b9a-444f-9b80-e1cb78be21c6,ordnance.services,available,5.48,51.98,high,low,8,namecheap,,,20/09/2026 11:44
0aa3ccf2-3158-49f1-8c4f-626eca3ecfa1,isn.services,resell,,,high,low,3,,,,30/09/2026 02:01
22271314-4ec5-4f4c-9daa-13b2370b6878,lifting.services,available,5.48,51.98,high,low,7,namecheap,,,28/09/2026 04:32
691da862-87bc-4f7d-90d9-4cd1b1ee313b,contrived.services,available,5.48,51.98,medium,low,9,namecheap,,,12/08/2026 23:42
90070217-2a4c-46c3-8080-d1acbc90eef1,archivist.services,available,14.99,38.99,high,low,9,namesilo,,,20/09/2026 02:21
0dd08f80-e96b-4df9-9ce3-8d5b7b51d1cb,yobbo.services,available,5.48,51.98,medium,low,5,namecheap,,,11/08/2026 08:50
b065adf8-5517-4729-973a-5214c3ce439c,gingery.services,available,5.48,51.98,high,low,7,namecheap,,,18/08/2026 23:53
8cc7c637-cb1e-4d36-b674-5aa0c5df2540,projectile.services,available,5.48,51.98,high,low,10,namecheap,,,09/09/2026 02:59
44034e04-32dd-40e1-9c3d-de68e7c9d5b5,avenged.services,available,5.48,51.98,high,low,7,namecheap,,,07/08/2026 22:35
d87deffe-fa6e-467e-8cd4-79bc13472da2,frustration.services,available,13.5,,medium,low,11,unstoppable,,,28/09/2026 17:13
1dbcc7e3-a3b5-4b8c-8386-762823269f60,natives.services,available,14.99,38.99,medium,low,7,namesilo,,,18/09/2026 01:41
513443f8-2cc4-4047-8891-4016f260a21e,employee.services,resell,,,high,low,8,"GoDaddy.com, LLC",20/09/2026 20:26,20/09/2027 20:26,29/09/2026 08:21
fd18905a-62b4-4a37-bc4d-8cd96bcadc84,blabby.services,available,5.48,51.98,low,low,6,namecheap,,,09/08/2026 21:03
534d706e-9773-428c-82c4-3426822e0090,demented.services,available,5.48,51.98,medium,low,8,namecheap,,,11/08/2026 01:46
7fda6db6-2245-4175-a9e3-7e395cc41a03,inmost.services,available,5.48,51.98,medium,low,6,namecheap,,,22/08/2026 05:51
9de37396-7352-4c64-a9ec-c4413332ce6a,courtroom.services,available,13.5,,high,low,9,unstoppable,,,29/09/2026 11:50
339a5ac6-7b2d-4085-aae4-6f5a6843a2f0,bisexual.services,available,14.99,38.99,high,low,8,namesilo,,,27/09/2026 06:52
51cda2e6-3f39-43af-bdfe-626423eab546,animalia.services,available,14.99,38.99,high,low,8,namesilo,,,19/09/2026 08:37
5c4c0561-8427-4577-8f88-821ba5e90606,subclavian.services,available,5.48,51.98,medium,low,10,namecheap,,,10/09/2026 23:40
0992df5a-0461-43a8-8608-0802d4b9e3a9,inmate.services,available,5.48,51.98,high,low,6,namecheap,,,24/09/2026 18:00
8acddc40-85f5-4b07-bc45-cc5f4067788c,unsung.services,available,5.48,51.98,medium,low,6,namecheap,,,12/09/2026 20:49
d2bb8475-5d29-407d-9891-57d5db0d9e9d,caused.services,available,5.48,51.98,medium,low,6,namecheap,,,25/09/2026 18:57
0dac9cdc-7fa6-4e8a-b27b-b8473fe1f459,mansard.services,available,5.48,51.98,medium,low,7,namecheap,,,24/08/2026 15:30
719f1f87-2025-41f8-b69e-6a2b0adcbdff,immovable.services,available,5.48,51.98,medium,low,9,namecheap,,,21/08/2026 21:17
d672cad5-f137-43dc-a87a-a0e9108425d8,bilgy.services,available,5.48,51.98,medium,low,5,namecheap,,,09/08/2026 21:16
c8fc6621-a4d8-4a25-b071-686b3268db37,mossy.services,available,5.48,51.98,high,low,5,namecheap,,,18/08/2026 10:02
aea4b99f-a3a6-4d7b-8100-ecdd01e0a86d,isoclinic.services,available,5.48,51.98,medium,low,9,namecheap,,,22/08/2026 11:02
f6627640-61d7-4798-9b12-bd84fd781ecb,curtains.services,available,4.86,31.25,medium,low,8,spaceship,,,28/09/2026 23:24
601e3115-76ac-4076-a525-a16f3ee791cb,bedclothes.services,available,14.99,38.99,high,low,10,namesilo,,,22/09/2026 22:48
b28715e9-5940-4753-9657-4dfcd3b657f9,monopoly.services,available,15.99,,high,low,8,name.com,,,
c15453a7-d12b-414e-aa75-3ec25882a3d9,mosey.services,available,14.99,38.99,medium,low,5,namesilo,,,18/09/2026 17:00
efe59f6a-1fec-49fd-b358-0cbdae5f76f2,illume.services,available,5.48,51.98,high,low,6,namecheap,,,23/08/2026 02:41
fcc92f43-68e9-4a69-a9bd-42623d827acf,condolences.services,available,15.99,,high,low,11,name.com,,,
2cf7a8ac-9ff3-4961-b939-ce4f8b0e2558,personality.services,available,15.99,52.99,high,low,11,name.com,,,25/09/2026 16:45
e9a603e6-01f1-4abd-af9a-998fc778b7fe,likeable.services,available,5.48,51.98,high,low,8,namecheap,,,23/08/2026 06:11
4af01935-d617-4836-8a80-d42b448f51de,illustrated.services,available,15.99,,high,low,11,name.com,,,
4de35bb8-d1bd-4537-a479-75beb4ff38a8,arlene.services,available,30.2,30.2,high,low,6,cloudflare,,,29/09/2026 22:07
830d0445-779c-418a-a2b2-497d6c566615,faint.services,available,5.48,51.98,high,low,5,namecheap,,,17/08/2026 21:01
d3cd90e6-7568-49b9-9b77-087ff9ea4df7,ribs.services,available,4.86,31.25,medium,low,4,spaceship,,,28/09/2026 00:08
1cb1aea6-ebdf-48b0-9e77-40d750775bd4,cancellous.services,available,5.48,51.98,medium,low,10,namecheap,,,11/08/2026 16:31
f84a0c6d-e30b-4fc4-a36d-8b0a61b7a66c,papal.services,available,5.48,51.98,medium,low,5,namecheap,,,06/08/2026 04:09
4bc3481b-eb8a-4e18-82fa-7fffcbcb27a8,lank.services,available,5.48,51.98,medium,low,4,namecheap,,,22/08/2026 19:32
a024976a-1b7f-4fe8-acf6-344bb2ec64e6,foodless.services,available,5.48,51.98,medium,low,8,namecheap,,,18/08/2026 10:26
708301ec-f463-4596-b3ff-625300be775a,waterloo.services,available,14.99,38.99,high,low,8,namesilo,,,22/09/2026 16:19
1eea65db-0cc5-4e5b-9b19-d5dc38a6cce6,yokel.services,available,5.48,51.98,medium,low,5,namecheap,,,21/08/2026 08:01
f8dc1ad0-f1d9-4374-b248-18595321c6a1,justine.services,available,4.86,31.25,medium,low,7,spaceship,,,29/09/2026 15:24
bb2c3f1c-c050-47bf-8dd5-07eb3f3c3ac7,antisemitism.services,available,14.99,38.99,medium,low,12,namesilo,,,29/09/2026 23:17
96adc06b-1384-44bb-ac65-9850afcea985,asuncion.services,available,5.48,51.98,high,low,8,namecheap,,,20/09/2026 18:23
28a2687a-b22f-4ac3-bba2-159eee798a2e,south.services,resell,,,high,low,5,"GoDaddy.com, LLC",26/05/2026 20:23,26/05/2027 20:23,27/09/2026 23:56
52b80ded-ee20-41ff-b661-0e45f6b3006b,jihadi.services,available,5.48,51.98,medium,low,6,namecheap,,,22/08/2026 13:21
229dc538-548b-4517-8dc3-ba4fabe9bfee,falmouth.services,available,4.86,31.25,medium,low,8,spaceship,,,28/09/2026 07:50
198d7424-1004-4587-9daf-a7035be1eaf4,barreled.services,available,5.48,51.98,medium,low,8,namecheap,,,08/08/2026 20:46
7bb0daab-37ae-4897-9d27-4709aff3edea,keyes.services,available,8.75,31.41,medium,low,5,porkbun,,,28/09/2026 16:42
57d1d473-1005-4368-8554-977e3e521ef6,carangid.services,available,5.48,51.98,medium,low,8,namecheap,,,11/08/2026 18:31
499fb04d-99b9-4cd2-8847-b0b6b2b1efe9,simulate.services,available,5.48,51.98,high,low,8,namecheap,,,10/09/2026 05:47
2fd165d8-b126-454e-aa88-b4e09ceb6f50,semitropic.services,available,5.48,51.98,medium,low,10,namecheap,,,10/09/2026 03:36
6fb5918d-0856-413e-b60e-af0d84c3e544,harassed.services,available,5.48,51.98,medium,low,8,namecheap,,,21/08/2026 00:06
80881a24-bab0-4b34-9bac-1db4f7adc74a,sexuality.services,available,14.99,38.99,high,low,9,namesilo,,,28/09/2026 10:54
8dcdaa51-2390-4527-b5b2-f4531c70a68f,indefinite.services,available,14.99,38.99,high,low,10,namesilo,,,25/09/2026 09:08
8d012f51-9f4b-4207-a999-f9ccb0b85db9,sleepless.services,available,5.48,51.98,medium,low,9,namecheap,,,22/08/2026 07:24
31193381-786f-49cf-a0fd-175fe8565a61,melanie.services,available,14.99,38.99,medium,low,7,namesilo,,,27/09/2026 07:18
f3d97743-ca31-425a-bef2-188a92032d5d,sluicing.services,available,5.48,51.98,medium,low,8,namecheap,,,10/09/2026 11:31
afdf450f-ebbb-4fba-b88d-98adfe9a05b3,sensational.services,resell,,,high,low,11,"GoDaddy.com, LLC",20/12/2025 21:49,20/12/2026 21:49,26/09/2026 08:55
2c46791c-9c75-41f9-ab77-58239456ddbf,wigeon.services,available,14.99,38.99,medium,low,6,namesilo,,,19/09/2026 03:00
675a66ae-27f1-4e34-88d7-21b583653e1c,nonverbal.services,available,5.48,51.98,medium,low,9,namecheap,,,03/09/2026 21:00
8fd26904-d0cc-413a-9190-f7e03620a640,replies.services,available,14.99,38.99,medium,low,7,namesilo,,,18/09/2026 09:15
f470b30e-2720-4d65-8339-e9bae671f8f0,himmler.services,available,8.75,31.41,medium,low,7,porkbun,,,29/09/2026 13:01
44319125-e65e-4560-a234-f2533c00000e,yorktown.services,available,4.86,31.25,medium,low,8,spaceship,,,28/09/2026 10:55
f8584013-2607-4f7c-a8a1-755f86803870,utc.services,available,14.99,38.99,medium,low,3,namesilo,,,28/09/2026 09:27
7479baa7-fe51-4485-9626-1de6d55f25c3,swelling.services,available,14.99,38.99,high,low,8,namesilo,,,24/09/2026 11:05
7c401bcb-805d-403f-92bb-d22927be0aa4,ravi.services,resell,,,high,low,4,,,,29/09/2026 04:31
3f87bf0a-d31b-4911-875b-cdd4630e6991,bicuspid.services,available,5.48,51.98,high,low,8,namecheap,,,09/08/2026 19:44
ba37e1ac-057f-4751-b50b-7d8f6dc454d8,atoms.services,resell,,,medium,low,5,,,,29/09/2026 16:34
d54c08f0-c02c-4521-985d-57a79687871d,amputation.services,available,14.99,38.99,high,low,10,namesilo,,,18/09/2026 23:52
f81e1d59-69c2-4606-904e-4acb52c62d00,aguacate.services,available,5.48,51.98,medium,low,8,namecheap,,,07/08/2026 23:46
fc9a0fc8-bc8c-4107-980f-69a2886df138,modernizing.services,available,13.5,,high,low,11,unstoppable,,,29/09/2026 14:57
2977f7e4-c70a-484a-a27c-25a8e82eed6f,gesell.services,available,14.99,38.99,high,low,6,namesilo,,,20/09/2026 08:18
c5883ce7-7845-4eea-bb75-010cc7377ed6,dividing.services,available,13.5,,medium,low,8,unstoppable,,,29/09/2026 08:50
f802beee-2523-4477-a6f4-7869903aae72,aubrey.services,available,14.99,38.99,high,low,6,namesilo,,,27/09/2026 07:41
52002094-0e81-467e-8255-5b0c53bb946f,contest.services,available,4.86,31.25,high,low,7,spaceship,,,29/09/2026 11:25
5884222a-df1c-421f-ba8c-7ccd1612a48b,uncomfortably.services,available,15.99,,low,low,13,name.com,,,
a0790816-7036-4c4b-bd07-83bd4172c379,sweetsop.services,available,14.99,38.99,medium,low,8,namesilo,,,19/09/2026 10:27
30c1694a-759d-4ac2-9171-bb9eb713e2f4,importance.services,available,4.86,31.25,high,low,10,spaceship,,,29/09/2026 21:24
78098de7-4e81-4a7a-bf45-a565dc2a09b1,unifying.services,available,5.48,51.98,high,low,8,namecheap,,,27/09/2026 06:52
69167102-c302-4842-8fc0-bfe7389599df,recreated.services,available,5.48,51.98,medium,low,10,namecheap,,,09/09/2026 10:49
ccf85784-2392-4522-87fe-3c9284d144ff,ishmael.services,available,5.48,51.98,high,low,7,namecheap,,,04/09/2026 19:10
fe1e7e8a-16a2-450d-b9a3-8c8d28b43fd1,orwellian.services,available,5.48,51.98,medium,low,9,namecheap,,,04/09/2026 18:08
0b118235-cf23-4d81-9461-523f38324cc2,deployment.services,premium,242,242,high,low,10,namesilo,,,29/09/2026 18:37
a4e73568-a7bd-4944-b187-fe25237053b9,antakya.services,available,14.99,38.99,medium,low,7,namesilo,,,19/09/2026 12:30
4bd351dc-d02b-4161-be6f-e89aab99c702,willy.services,resell,,,high,low,5,,,,27/09/2026 06:19
5222b893-d81b-4f16-912a-d628694c6136,oatmeal.services,available,8.78,32.32,high,low,7,dynadot,,,29/09/2026 05:27
ec9d9d98-01df-400e-8c4e-33ed5f053007,comedy.services,available,5.48,51.98,high,low,6,namecheap,,,24/09/2026 16:25
02918873-107f-41ff-8c60-3d45ec03013f,cyprinoid.services,available,15.99,52.99,medium,low,9,name.com,,,13/08/2026 14:30
2a2d983e-cdbc-4b13-a046-90b1a4f58231,believable.services,available,5.48,51.98,high,low,10,namecheap,,,09/08/2026 13:01
da55bfa6-d42e-45c0-ad87-8e782d68c8b1,pace.services,resell,,,high,low,4,"GoDaddy.com, LLC",28/05/2026 20:07,28/05/2027 20:07,29/09/2026 20:29
0dc079a4-9aca-44de-9059-e3da68b3f483,yelled.services,available,30.2,30.2,high,low,6,cloudflare,,,27/09/2026 21:26
52a5895c-a60d-4274-aba3-51361f53578f,nineties.services,available,14.99,38.99,medium,low,8,namesilo,,,16/09/2026 12:01
c9816f9e-ad95-4411-9827-ec4ab5506d6f,trail.services,resell,,,high,low,5,"Sav.com, LLC - 18",15/01/2026 15:15,15/01/2027 15:15,26/09/2026 09:43
970c4641-21e9-480f-9974-c2dbd09d9f37,ponds.services,available,14.99,38.99,medium,low,5,namesilo,,,18/09/2026 22:37
be46965e-639f-4bb7-b7f3-64bc7a5ffd6e,louise.services,available,5.48,51.98,high,low,6,namecheap,,,25/09/2026 13:47
1cbb2f99-6b62-41d8-9e17-51009f52e1ff,trivial.services,available,5.48,51.98,high,low,7,namecheap,,,24/09/2026 17:54
51f9d29c-ed8a-4351-8c74-1ec997ca66af,invasive.services,available,5.48,51.98,medium,low,8,namecheap,,,16/08/2026 23:54
bbcc8459-e7e9-4edb-abed-9379affdb991,restrict.services,available,5.48,51.98,medium,low,8,namecheap,,,19/09/2026 17:10
858dd2e3-2fd9-4137-8a3b-ce5fe84025f1,greeley.services,available,5.48,51.98,medium,low,7,namecheap,,,28/09/2026 14:21
537d9f95-5c94-4e50-b8c9-dee852993761,untypical.services,available,5.48,51.98,medium,low,9,namecheap,,,07/08/2026 16:10
a748cd1e-3484-4a56-afc9-7db762d3ba75,netlike.services,available,5.48,51.98,medium,low,7,namecheap,,,03/09/2026 16:00
e9b92adc-5e83-4a40-9ade-a50850eaf063,ovate.services,available,5.48,51.98,high,low,5,namecheap,,,15/08/2026 18:03
3d3fa533-1ab6-44c8-8b55-b688dcc40548,corridor.services,available,4.86,31.25,high,low,8,spaceship,,,29/09/2026 11:39
5a7c8f8a-be25-439c-ae83-bfa5cb3ea586,bellbottom.services,available,5.48,51.98,low,low,10,namecheap,,,09/08/2026 13:21
da82fa0a-9c18-44b6-8baa-5c3a3ba91200,conformity.services,available,14.99,38.99,high,low,10,namesilo,,,16/09/2026 15:32
cadc9fed-6ece-40bf-8752-9f5e39fbc7e7,spiraea.services,available,14.99,38.99,medium,low,7,namesilo,,,20/09/2026 17:28
22f7da09-e919-4563-8e4e-f56592a3664f,vote.services,premium,414.2,828.2,high,medium,4,spaceship,,,29/09/2026 00:47
b2bd9ca0-47a1-48dd-9414-ba6b116d2035,hypnotised.services,available,5.48,51.98,medium,low,10,namecheap,,,17/08/2026 22:48
9da78a58-abd3-4ddb-a811-f7cc63e04391,pelvis.services,available,4.86,31.25,high,low,6,spaceship,,,29/09/2026 19:56
f691e376-2d8a-4a35-88aa-f6944d83b874,automobile.services,premium,34.36,68.51,high,low,10,spaceship,,,28/09/2026 23:26
bb0cb81c-05a4-430a-9c0b-6079ab8bdc2b,proustian.services,available,5.48,51.98,medium,low,9,namecheap,,,09/09/2026 04:22
dffa40a0-1e37-4391-9eb2-e1d0456d03cd,cultivated.services,available,5.48,51.98,high,low,10,namecheap,,,13/08/2026 10:14
09afc047-934a-44de-89c8-a0a5b512620b,sperm.services,available,15.99,,high,low,5,name.com,,,
f1a20257-3179-4ef3-8ede-40b263a69cfe,reasonable.services,resell,,,high,low,10,"GoDaddy.com, LLC",19/12/2025 12:25,19/12/2026 12:25,26/09/2026 08:31
125423d9-f8da-42fc-adea-bfcca32f0f37,encamp.services,available,5.48,51.98,medium,low,6,namecheap,,,11/08/2026 15:56
a2a83eb6-5027-43f6-bc07-656803249725,ferdinand.services,available,14.99,38.99,high,low,9,namesilo,,,25/09/2026 05:57
db6662c3-7d52-4d1d-abd3-3dbcd4e93266,knightly.services,available,5.48,51.98,high,low,8,namecheap,,,12/08/2026 06:11
31e25784-eb54-472f-810a-0ffc03d76ed4,beers.services,available,14.99,38.99,medium,low,5,namesilo,,,27/09/2026 10:55
39b48460-54c6-4afb-bba8-c357d024b6bb,meshing.services,available,5.48,51.98,high,low,7,namecheap,,,22/08/2026 08:10
065cb6af-d607-4d28-8f26-8ac34f40bc3f,riggs.services,available,14.99,38.99,medium,low,5,namesilo,,,28/09/2026 08:07
8fbd7b05-40b2-4adf-af89-de9183891205,lois.services,available,14.99,38.99,medium,low,4,namesilo,,,25/09/2026 15:30
2fbf3bca-ab69-4cec-9b5f-b7e45f5bf235,molten.services,available,5.48,51.98,high,low,6,namecheap,,,25/08/2026 03:57
b21e7655-ab1f-4057-8d02-4f8b70f2713c,stared.services,available,14.99,38.99,medium,low,6,namesilo,,,18/09/2026 02:18
329a07d5-cd45-4d44-9d79-1be66c4c7b0d,knows.services,available,4.86,31.25,medium,low,5,spaceship,,,28/09/2026 10:33
12cdd193-3056-4bf1-b59b-d262e94170a9,incidentally.services,available,4.86,31.25,medium,low,12,spaceship,,,28/09/2026 21:17
d5e6af33-72ec-4c1b-8454-a6f4c620aaf1,gorge.services,available,5.48,51.98,medium,low,5,namecheap,,,23/09/2026 17:20
f2d2bac8-1318-4c48-907e-c3bde3094130,burn.services,available,14.99,38.99,high,low,4,namesilo,,,28/09/2026 02:13
20aa55cc-a5a3-43f2-ba7b-9b60bb8fbfd1,bimonthly.services,available,5.48,51.98,high,low,9,namecheap,,,09/08/2026 22:42
73434cb2-e282-4336-b819-0d442a14c392,lavatory.services,available,5.48,51.98,high,low,8,namecheap,,,09/09/2026 02:14
4be3df8c-f830-479d-adad-f4f01e089ed7,dealers.services,premium,242,242,medium,low,7,namesilo,,,28/09/2026 09:08
0ac31618-39cd-42f4-be1b-c7f8db3622df,conceit.services,available,14.99,38.99,high,low,7,namesilo,,,18/09/2026 22:51
562f7c7e-eb4e-46a2-8d63-a0733663ecf3,income.services,resell,,,high,low,6,"GoDaddy.com, LLC",31/05/2025 20:14,31/05/2027 20:14,29/09/2026 23:55
9b86857b-4dcb-4605-99be-14dbd08b3730,desperately.services,available,4.86,31.25,medium,low,11,spaceship,,,28/09/2026 07:05
b22fb12c-d377-4310-b0e1-0a524ffe8f29,roses.services,premium,130,260,high,low,5,namecheap,,,17/09/2026 21:17
9d297d44-6644-4b71-8077-db08d7a2a9cc,eater.services,available,5.48,51.98,high,low,5,namecheap,,,19/09/2026 09:42
dc814e54-3029-48ce-bc61-e355b21b6e27,meadows.services,available,8.75,31.41,medium,low,7,porkbun,,,29/09/2026 11:15
49431695-6e72-45f0-9bfe-ed1a3742fc62,actium.services,available,14.99,38.99,medium,low,6,namesilo,,,17/09/2026 05:08
9495370d-f578-45ef-9380-f4d2c77246d6,susannah.services,available,14.99,38.99,medium,low,8,namesilo,,,29/09/2026 04:06
fd31c696-e4d3-4e40-9cfe-b33df7bc8721,droning.services,available,5.48,51.98,medium,low,7,namecheap,,,25/08/2026 05:28
31d53654-3a87-4843-84ad-66f3b3ce0933,cantala.services,available,14.99,38.99,medium,low,7,namesilo,,,17/09/2026 16:42
64bef250-f65d-408a-b772-8aadb0536361,unkempt.services,available,5.48,51.98,medium,low,7,namecheap,,,12/09/2026 14:07
dab98eb6-52ed-4938-8c33-e23b1f54c4a2,carob.services,available,14.99,38.99,medium,low,5,namesilo,,,18/09/2026 06:50
d2c44e44-6606-4289-bdf4-5dce8767c136,blues.services,available,8.78,32.32,high,low,5,dynadot,,,29/09/2026 03:01
85abce27-873c-48a4-af6b-cbee9a7cd66e,godhead.services,available,5.48,51.98,medium,low,7,namecheap,,,
a3efe835-4834-4e60-ace5-7ca8eca1c01d,craven.services,available,5.48,51.98,medium,low,6,namecheap,,,13/08/2026 05:27
f4eadd96-e063-4690-871d-429075dff848,indecorous.services,available,5.48,51.98,medium,low,10,namecheap,,,22/08/2026 02:18
0880f975-c5d7-4f28-a03a-3f2153349952,attribute.services,available,14.99,38.99,high,low,9,namesilo,,,21/09/2026 02:16
04b25415-c1fa-4e37-bf7b-69e295cb871b,wives.services,available,15.99,,high,low,5,name.com,,,
eaf1768f-152c-4597-91ad-7c910520b431,adjustor.services,available,14.99,38.99,medium,low,8,namesilo,,,17/09/2026 08:34
b434b810-5e0e-4327-a0f0-1e93a5fb98e0,suntan.services,available,5.48,51.98,high,low,6,namecheap,,,11/09/2026 07:52
545d5279-fcde-4ef4-85b5-9fbe6fd21300,eustace.services,available,14.99,38.99,medium,low,7,namesilo,,,29/09/2026 15:27
52ea3b37-fe85-4852-b132-746516238451,drawings.services,available,5.48,51.98,medium,low,8,namecheap,,,28/09/2026 13:09
7e46c78b-d130-48a7-b2c5-4ceadda936d9,scab.services,available,5.48,51.98,medium,low,4,namecheap,,,24/09/2026 02:52
22b8fa66-94d3-4239-9f70-1394d08e96ed,assigning.services,available,14.99,38.99,high,low,9,namesilo,,,20/09/2026 16:26
b0ba3900-593c-483a-98fc-10d8e6183dd7,ruse.services,available,14.99,38.99,high,low,4,namesilo,,,20/09/2026 11:33
7c2552a9-4320-459c-b20a-24bae82d10c3,sampson.services,available,5.48,51.98,medium,low,7,namecheap,,,27/09/2026 01:42
a14980cb-1a9e-4c45-80b8-ab961cc6a9fe,oxidised.services,available,5.48,51.98,medium,low,8,namecheap,,,04/09/2026 22:28
6b4a7214-fb8e-4437-9c39-d8bfd37ad5a5,bitterness.services,available,14.99,38.99,medium,low,10,namesilo,,,17/09/2026 03:08
14d17892-8164-4aa4-9d0c-6ecda75a5a78,inpatient.services,available,14.99,38.99,medium,low,10,namesilo,,,20/09/2026 21:46
b4cb69b1-79c8-45fd-93ce-5e20721633be,retro.services,resell,,,high,medium,5,"GoDaddy.com, LLC",11/01/2026 23:05,11/01/2027 23:05,26/09/2026 08:39
2fa12778-0f05-4e03-9a03-e415c8e2f02f,mussolini.services,available,14.99,38.99,medium,low,9,namesilo,,,23/09/2026 08:12
ee82cd9b-73c8-48e7-80e3-5cd838f10bc3,alveolar.services,available,5.48,51.98,high,low,8,namecheap,,,22/09/2026 02:54
c858b112-858a-49a3-9065-5f066eb671fa,philatelic.services,available,5.48,51.98,medium,low,10,namecheap,,,08/09/2026 18:49
d1ed3838-56ee-4131-b40d-92b7faa7c672,riotous.services,available,15.99,52.99,medium,low,7,name.com,,,13/08/2026 20:26
84f4701b-59fb-47bc-bb32-e72b2401d77b,saved.services,available,4.86,31.25,high,low,5,spaceship,,,27/09/2026 18:05
e06566e9-9953-4b7a-9b89-536de662ad1a,charmingly.services,available,5.48,51.98,medium,low,10,namecheap,,,14/09/2026 06:21
6ecd10ba-7143-478d-8dc9-a6920a6e2f75,star.services,resell,,,high,medium,4,"Spaceship, Inc.",28/06/2015 13:33,28/06/2027 13:33,26/09/2026 09:16
c3fc8745-91ca-4664-8e9e-6e57127db8f0,honorific.services,available,5.48,51.98,medium,low,9,namecheap,,,21/08/2026 13:32
19ea0345-128f-4ed1-b0e8-210a5e1c4110,trouper.services,available,14.99,38.99,medium,low,7,namesilo,,,22/09/2026 06:54
0434bae1-1777-4f96-9653-2e94c4868ebf,hoagy.services,available,5.48,51.98,high,low,5,namecheap,,,24/09/2026 20:07
d4739d01-0458-4aa8-94df-d2c203bf61e9,acquaintance.services,available,14.99,38.99,high,low,12,namesilo,,,28/09/2026 08:20
3b895e0f-ad74-4d80-a60c-9ca1e987799d,privy.services,available,5.48,51.98,high,low,5,namecheap,,,09/09/2026 02:12
d3db5bdc-674e-4fcc-93ba-f741bab56209,uncoated.services,available,5.48,51.98,medium,low,8,namecheap,,,12/09/2026 05:35
6b4a1452-a3d7-4423-94a5-9922b14189aa,salts.services,available,14.99,38.99,medium,low,5,namesilo,,,20/09/2026 01:25
f76e5b72-9b18-4d81-ac48-f8b613214492,alarmingly.services,available,5.48,51.98,low,low,10,namecheap,,,13/09/2026 18:33
ad309fd3-7590-49bf-9d2e-517e15231702,bicycler.services,available,14.99,38.99,medium,low,8,namesilo,,,23/09/2026 13:23
64c605f7-69e7-4f85-942b-253a7c8055ac,retina.services,available,15.99,,high,low,6,name.com,,,
737a4ac9-6902-4699-b226-173785afb758,daydream.services,available,14.99,38.99,high,low,8,namesilo,,,17/09/2026 22:00
922ae529-fd61-43ae-8d70-e0a1d7a05065,windswept.services,available,5.48,51.98,medium,low,9,namecheap,,,13/09/2026 12:16
f6c74cf7-2561-4808-8ad2-2dab2dea9b00,counts.services,available,5.48,51.98,high,low,6,namecheap,,,18/09/2026 18:14
3fd74f4c-fd7a-4e44-bdee-6427499c410b,digger.services,available,4.86,31.25,high,low,6,spaceship,,,29/09/2026 06:38
16fa5477-7e70-4f27-9b0c-50ce05b537ae,suites.services,available,4.86,31.25,medium,low,6,spaceship,,,29/09/2026 17:41
68cf82ff-6f84-49d3-aeec-27c46c95cf26,ingredient.services,available,5.48,51.98,high,low,10,namecheap,,,24/09/2026 16:51
83eed428-bf8a-4f16-9fbe-e4c68540c9c5,ennis.services,available,4.86,31.25,high,low,5,spaceship,,,29/09/2026 10:00
f9de3463-248d-48e4-8d32-6b3c5144d535,idol.services,available,14.99,38.99,high,low,4,namesilo,,,22/09/2026 22:03
990f6220-ac92-4ea6-897f-e400d3c3e63b,assaulter.services,available,14.99,38.99,medium,low,9,namesilo,,,17/09/2026 17:42
9825fb40-b267-4c91-83d9-45322cfe83cc,perinatal.services,available,5.48,51.98,high,low,9,namecheap,,,08/09/2026 17:07
7a33b14c-ef9a-45ab-a34b-650bf18b0bc5,vespucci.services,available,15.99,52.99,high,low,8,name.com,,,18/09/2026 21:04
caf9fbda-1f99-4481-80c3-15aaf2e921db,spacious.services,available,4.86,31.25,high,low,8,spaceship,,,27/09/2026 16:20
a890a714-4a3b-4942-b28b-28411d487cdd,holiness.services,available,4.86,31.25,high,low,8,spaceship,,,29/09/2026 19:10
832809e6-bb43-4898-9d08-aa997fb31426,offroader.services,available,14.99,38.99,medium,low,10,namesilo,,,18/09/2026 09:00
41d15827-d731-45c8-bfcd-3f2c66e77fa6,respiration.services,available,14.99,38.99,high,low,11,namesilo,,,29/09/2026 23:19
fa22c6e7-fb56-4de0-98c3-7a0331b67d52,hired.services,premium,130,260,high,low,5,namecheap,,,12/08/2026 02:48
939707a6-b6f6-4f6a-8741-c38492f17a95,younger.services,available,14.99,38.99,high,low,7,namesilo,,,25/09/2026 12:10
0d1f5366-53e2-4bb2-a5bc-d2563deaf6a8,fleeing.services,available,14.99,38.99,medium,low,7,namesilo,,,29/09/2026 03:23
918790d3-a57e-4598-a64a-e8d622f2f8cd,lick.services,available,14.99,38.99,medium,low,4,namesilo,,,29/09/2026 02:30
860f082d-320b-4c4b-b6dc-7b1a5b626534,landings.services,available,4.86,31.25,medium,low,8,spaceship,,,30/09/2026 00:42
64a738e3-1713-4632-a94f-b6d59ec4cae2,tucked.services,available,5.48,51.98,high,low,6,namecheap,,,11/09/2026 21:02
4e7af8e4-be12-4ba9-b967-4a7f7b91898c,natchez.services,available,14.99,38.99,high,low,7,namesilo,,,28/09/2026 14:57
976dd094-da45-42da-a8e2-1fcc2febbb1a,razz.services,available,14.99,38.99,medium,low,4,namesilo,,,21/09/2026 19:47
494c9705-9556-4756-acd3-cbe135403fa1,bain.services,available,8.78,32.32,high,low,4,dynadot,,,28/09/2026 07:18
ccd03c45-09b5-4775-92cb-db159408dba1,readily.services,available,5.48,51.98,medium,low,7,namecheap,,,15/09/2026 21:42
4a758b26-897a-484c-9b57-c81e217dcaae,protozoan.services,available,5.48,51.98,medium,low,9,namecheap,,,09/09/2026 04:12
58ac68af-8bbe-4491-8314-b1bcea3e4d74,inbuilt.services,available,5.48,51.98,high,low,7,namecheap,,,11/08/2026 08:08
a7b57443-aff2-438f-adea-b8e465837cff,overmuch.services,available,5.48,51.98,medium,low,8,namecheap,,,04/09/2026 21:13
23bf3285-f313-4a7b-ad7e-17d63db3fb13,tuppeny.services,available,5.48,51.98,medium,low,7,namecheap,,,10/09/2026 09:12
0ecce42b-da0b-4c48-a063-cc52729a20d3,digitiser.services,available,14.99,38.99,high,low,9,namesilo,,,19/09/2026 01:52
ab2f37be-a38e-4fe4-86b5-6dfd9860bf67,despise.services,available,13.5,,high,low,7,unstoppable,,,29/09/2026 15:39
6e9e9ed7-dd3b-410f-a41a-2841aa9396a6,somme.services,available,14.99,38.99,medium,low,5,namesilo,,,22/09/2026 16:09
0d174f93-be07-40f1-8239-35d512d3452a,provoke.services,available,14.99,38.99,high,low,7,namesilo,,,29/09/2026 22:15
2ef3c2e3-6207-4831-87a6-94ffbfd2ae16,deteriorating.services,available,4.86,31.25,medium,low,13,spaceship,,,29/09/2026 20:55
5e1c8da0-79a0-46de-914b-2d5b0c766fe6,gayle.services,available,14.99,38.99,medium,low,5,namesilo,,,29/09/2026 04:04
77eeb84f-276a-4c5c-a0d6-6c1198ab881b,realised.services,available,14.99,38.99,high,low,8,namesilo,,,23/09/2026 17:33
b2bcdfbd-6dee-43ed-bf27-49ba1c1652d1,bodiless.services,available,5.48,51.98,medium,low,8,namecheap,,,10/08/2026 16:48
1ea3b02f-9aff-41cd-84a5-a2078473c794,penitent.services,available,5.48,51.98,medium,low,8,namecheap,,,08/09/2026 14:30
d9473b80-67a6-48bd-b4da-e4d91c2924c5,mickey.services,available,14.99,38.99,high,low,6,namesilo,,,25/09/2026 09:22
dce87afe-eb95-48c4-ab1c-976ce3939bf9,injection.services,premium,220,220,high,low,9,dynadot,,,28/09/2026 06:02
588ffccc-6bd0-4a61-bf2c-e494923ef23c,monaghan.services,available,13.5,,medium,low,8,unstoppable,,,29/09/2026 17:52
e3694b76-a764-428c-92ca-0168d2f6cec8,unshackled.services,available,5.48,51.98,medium,low,10,namecheap,,,12/09/2026 04:58
43158a06-120c-4c25-bf9d-6ff1de904b51,untimely.services,available,5.48,51.98,medium,low,8,namecheap,,,21/08/2026 19:32
0f02c86a-278d-4790-aac9-1a17435993c3,germy.services,available,5.48,51.98,medium,low,5,namecheap,,,18/08/2026 22:53
d4a84fa4-8f06-4e5f-8d98-ea41b3ccc01a,damnable.services,available,15.99,52.99,medium,low,8,name.com,,,13/08/2026 16:29
58990855-f9d8-404e-9ad3-90e6c0e47d2a,cornwall.services,available,14.99,38.99,medium,low,8,namesilo,,,29/09/2026 06:24
1a271489-34e5-4d85-859a-4e1f411a8967,insulin.services,available,13.5,,high,low,7,unstoppable,,,29/09/2026 19:20
92ee81ee-4931-4868-8e71-bfdc70daab30,anhydride.services,available,5.48,51.98,medium,low,9,namecheap,,,19/09/2026 08:24
fa2c81b3-548a-41f1-b051-6ee1d775cf14,conclusion.services,available,5.48,51.98,high,low,10,namecheap,,,23/09/2026 14:51
6eeecf63-1ec3-4b54-a3a7-6792985c2537,busybodied.services,available,5.48,51.98,medium,low,10,namecheap,,,11/08/2026 11:28
c93625e7-098b-4ab3-94de-99d6da16b41b,squeaky.services,available,5.48,51.98,high,low,7,namecheap,,,10/09/2026 00:04
40e12e60-0993-4b85-8802-6060a8b0634d,punched.services,available,14.99,38.99,medium,low,7,namesilo,,,19/09/2026 01:53
66fa1964-b71c-4f87-bc47-5a90cd280ad7,nilsson.services,available,14.99,38.99,high,low,7,namesilo,,,29/09/2026 00:16
5b781a51-22ca-427c-aade-0c06f57bd5b5,directors.services,premium,36.32,72.57,high,low,9,porkbun,,,28/09/2026 08:43
0bc84f79-3bbb-4705-ae7f-818d50c9dd62,prostyle.services,resell,,,medium,low,8,"GoDaddy.com, LLC",20/12/2025 21:50,20/12/2026 21:50,26/09/2026 08:23
4a968cdd-9b3c-4bb2-b2a9-ae4189f3949a,kabul.services,premium,,,high,low,5,,,,27/09/2026 12:08
954ea727-5c33-4507-adc3-75b59b512c15,trout.services,available,30.2,30.2,high,low,5,cloudflare,,,28/09/2026 06:50
96b3a629-181c-4920-9f83-da7c512959e6,ambulance.services,premium,260,520,high,low,9,namecheap,,,18/09/2026 17:28
9ee48940-d33a-4ca6-a294-902afb51525f,superfund.services,available,4.86,31.25,high,low,9,spaceship,,,29/09/2026 08:11
28be6ae9-1fa0-476e-a3f2-a1619ffb47eb,downwards.services,available,5.48,51.98,medium,low,9,namecheap,,,14/08/2026 17:16
0a4cf5fb-a17a-4832-908f-80ade9fae9bf,repellent.services,available,5.48,51.98,medium,low,9,namecheap,,,14/08/2026 10:39
ed3009c4-c7ef-45da-ae9f-0e73e101a806,prototypic.services,available,5.48,51.98,medium,low,10,namecheap,,,06/08/2026 15:42
12a0680a-c327-458b-b926-233cb6be43fc,prophecy.services,available,4.86,31.25,high,low,8,spaceship,,,28/09/2026 10:47
8d870e6c-bade-42e2-bf39-d4075805fece,liberal.services,available,14.99,38.99,high,low,7,namesilo,,,27/09/2026 06:52
3e07093f-889f-4102-b7d8-493d4a3b3c10,kurrat.services,available,14.99,38.99,medium,low,6,namesilo,,,18/09/2026 11:14
692bb798-04d7-417c-b5ba-443b6f623631,indigotin.services,available,5.48,51.98,medium,low,9,namecheap,,,22/08/2026 03:05
62118644-3ac2-4af0-bc99-0aa7259ad0b0,eidetic.services,available,5.48,51.98,medium,low,7,namecheap,,,15/08/2026 19:54
9920df08-361d-486d-8352-774ac8ab84a6,diagnosis.services,available,15.99,52.99,high,low,9,name.com,,,24/09/2026 22:08
5015845d-c883-448f-be94-57c09f5d4cc7,townsend.services,available,14.99,38.99,high,low,8,namesilo,,,25/09/2026 06:09
e3d87eca-50cf-447e-8b3c-438a4d2c2334,turning.services,available,14.99,38.99,high,low,7,namesilo,,,26/09/2026 00:27
9c238192-4991-4edc-a223-fb93282b8d0d,shapely.services,available,5.48,51.98,high,low,7,namecheap,,,10/09/2026 05:57
94b35a9e-1dbb-458c-8a88-08cb88d8856e,basotho.services,available,5.48,51.98,medium,low,7,namecheap,,,22/09/2026 11:35
108856c9-acb2-48eb-b1b2-8009b3581a58,becoming.services,available,5.48,51.98,high,low,8,namecheap,,,09/08/2026 06:08
397f4b5b-fedb-41dc-be26-cd6c9398a74d,esp.services,premium,78.54,78.54,high,low,3,namesilo,,,24/09/2026 15:12
9c168ac7-3b86-4b94-b3f0-2f0126e91638,lettered.services,available,5.48,51.98,medium,low,8,namecheap,,,22/08/2026 16:54
08321668-921b-403c-b993-17d2bea61a07,reposeful.services,available,5.48,51.98,medium,low,9,namecheap,,,09/09/2026 13:28
935d97d7-f7f3-4b29-9cce-cdfc38e7b4cb,beachhead.services,available,5.48,51.98,high,low,9,namecheap,,,22/09/2026 19:08
eb4a9282-dfa6-4d7f-96e6-1685c9884baf,cows.services,available,8.78,32.32,high,low,4,dynadot,,,29/09/2026 03:44
d46b2b36-a488-429e-ba01-19811fad408f,paintpot.services,available,15.99,,medium,low,9,name.com,,,
c31ea12e-09a3-4757-9993-057143a20021,fries.services,available,14.99,38.99,high,low,5,namesilo,,,24/09/2026 14:42
ff899de1-c906-47db-8463-0bb6ef7b4e15,bagel.services,available,14.99,38.99,high,low,5,namesilo,,,29/09/2026 00:27
bbe4a730-079a-4c74-be4b-7a2a8f16f1ac,bankbook.services,available,14.99,38.99,medium,low,8,namesilo,,,22/09/2026 02:44
485cca35-96e3-4fd9-8b72-f83354594325,chekov.services,available,14.99,38.99,medium,low,6,namesilo,,,19/09/2026 15:28
3047cb50-d8fe-482f-85c4-67aac3c5a3bd,gidgee.services,available,5.48,51.98,medium,low,6,namecheap,,,16/09/2026 20:01
b13b6a04-ea12-4a59-a108-8db620b3dfb0,anus.services,available,14.99,38.99,medium,low,4,namesilo,,,19/09/2026 15:56
f2d07f18-a590-4597-aa08-662050ef085e,variegated.services,available,5.48,51.98,medium,low,10,namecheap,,,13/09/2026 01:18
7110cf65-4f15-41b8-9fc7-2a3f2ef405a6,garza.services,available,4.86,31.25,medium,low,5,spaceship,,,28/09/2026 21:33
b1304973-a92d-4248-848c-0ac713728530,experiences.services,premium,,,medium,low,11,,,,28/09/2026 04:46
525e085f-1f12-4ed0-ade7-72bc8946520c,openings.services,available,5.48,51.98,medium,low,8,namecheap,,,20/09/2026 17:50
af0d60f8-ca43-4ce2-a1ff-7aef3dde85eb,chandler.services,premium,,,high,low,8,,,,30/09/2026 01:02
a1f12978-5678-4547-9dda-c0936da86cb4,lilian.services,available,14.99,38.99,medium,low,6,namesilo,,,29/09/2026 22:03
90657521-c00f-4eed-97f7-ee45d4b49ae2,airman.services,available,5.48,51.98,high,low,6,namecheap,,,17/09/2026 13:10
deeca9e4-0feb-42c9-aa4f-7e9c9adaae77,rude.services,resell,,,high,low,4,"GoDaddy.com, LLC",19/12/2025 12:25,19/12/2026 12:25,26/09/2026 08:45
da5ed79f-26ad-4fc5-ab3e-129dacbbeea3,torso.services,available,5.48,51.98,high,low,5,namecheap,,,29/09/2026 08:14
dab2d569-9b0f-4739-9bbb-1c54d59a33be,hard.services,available,5.48,51.98,high,low,4,namecheap,,,06/08/2026 16:55
2935e1ac-0f43-4872-9def-186145deb2c1,corrigan.services,available,4.86,31.25,medium,low,8,spaceship,,,29/09/2026 15:41
7b802e7d-dd40-4d43-aa42-74cfbdd03dac,texted.services,available,5.48,51.98,medium,low,6,namecheap,,,20/09/2026 17:16
f1a9d08b-4d6e-4276-8ee9-3c2fa9a4f963,idealized.services,available,5.48,51.98,high,low,9,namecheap,,,21/08/2026 17:58
722072b5-c379-4f27-b1e5-26227f405f6e,sleepily.services,available,5.48,51.98,medium,low,8,namecheap,,,16/09/2026 02:32
ee8bf997-dd5b-4f1a-93ed-f8898b21abbf,disappointing.services,available,4.86,31.25,medium,low,13,spaceship,,,28/09/2026 07:09
9506ec9a-3cc0-4a91-9b47-c06517bb6902,perl.services,available,13.5,,high,low,4,unstoppable,,,29/09/2026 21:52
2b28866a-b404-4cd5-9358-f7c4b109b6b8,sultan.services,available,4.86,31.25,high,low,6,spaceship,,,29/09/2026 12:57
4908de4b-5b4b-4e6f-bdf7-2c379d9c8d16,choirs.services,available,5.48,51.98,medium,low,6,namecheap,,,17/09/2026 06:51
9a2679e5-1236-46a6-923e-676daef6234d,rivalry.services,available,4.86,31.25,high,low,7,spaceship,,,29/09/2026 20:12
05a3d566-f039-4df0-9d4f-f68831258451,stadium.services,resell,,,high,low,7,,,,28/09/2026 03:07
0a3d6768-1da6-4f95-b1a7-06e5c3ec32b4,aleut.services,available,5.48,51.98,high,low,5,namecheap,,,
5db6e398-01c2-476d-bbc1-d158e0ebfbd4,overriding.services,available,5.48,51.98,high,low,10,namecheap,,,04/09/2026 21:39
e25887fb-57f8-48a1-ae9a-b4369462cefa,capacious.services,available,5.48,51.98,medium,low,9,namecheap,,,11/08/2026 17:47
911837ec-f1a7-4253-b53c-de2e25fc4c8c,jacobite.services,available,4.86,31.25,high,low,8,spaceship,,,29/09/2026 01:23
350db969-69f6-4c40-8439-43f21e68bc96,custom.services,resell,,,high,low,6,Dynadot Inc,25/11/2016 02:13,25/11/2026 02:13,28/09/2026 06:31
c8e2a0d1-0b9e-4439-93c7-37d2d7741b6c,motivating.services,available,5.48,51.98,high,low,10,namecheap,,,25/08/2026 07:36
56beef98-811c-42fb-94c2-2463af853717,gushy.services,available,5.48,51.98,medium,low,5,namecheap,,,20/08/2026 21:03
21a61f20-2b2c-428b-b3af-a22ca5dce22b,barde.services,available,14.99,38.99,medium,low,5,namesilo,,,22/09/2026 05:12
f9550780-abd1-4a40-82d5-95c597022516,catania.services,available,13.5,,medium,low,7,unstoppable,,,29/09/2026 23:03
7fff990c-ff0e-4ef4-b608-3f6e6336b70f,tubby.services,available,5.48,51.98,medium,low,5,namecheap,,,08/09/2026 22:29
befd51fe-8f7f-4e72-99aa-b2bc63f6e74f,quiver.services,available,5.48,51.98,high,low,6,namecheap,,,11/09/2026 19:13
69b3b5de-8833-440a-9e99-e9f0f74ef0de,peaking.services,available,15.99,,high,low,7,name.com,,,
5de12009-7e83-47fe-a1b2-19eb775f82e8,affixal.services,available,5.48,51.98,medium,low,7,namecheap,,,
82126fd1-dec8-42d3-8aec-6a0694078f2c,bettering.services,available,5.48,51.98,high,low,9,namecheap,,,09/08/2026 18:11
448be6a6-b7bd-4c02-9b2a-6288bcbd6dd9,xxxviii.services,available,5.48,51.98,medium,low,7,namecheap,,,
3cfd2ef2-9a53-46ec-8e34-bc654ddf73c1,ruritanian.services,available,5.48,51.98,medium,low,10,namecheap,,,09/09/2026 19:43
5f16324b-2d69-40bf-8800-49b0bf68b8f9,copies.services,available,14.99,38.99,medium,low,6,namesilo,,,27/09/2026 09:16
01098640-8562-4e89-b004-121affebf4c3,munificent.services,available,5.48,51.98,high,low,10,namecheap,,,22/08/2026 21:09
aa032d97-0b81-42a5-ac3b-01d1421a3799,justin.services,resell,,,high,medium,7,"GoDaddy.com, LLC",16/05/2026 17:03,16/05/2027 17:03,26/09/2026 07:03
6d14ac1c-909a-47a8-bcf2-02c30a0b1a96,dinar.services,available,14.99,38.99,high,low,5,namesilo,,,18/09/2026 07:02
eb13a258-2e81-4de4-8fa8-6b803ae70e94,retractile.services,available,5.48,51.98,medium,low,10,namecheap,,,09/09/2026 15:42
86d0826e-ae8b-40c9-98ae-59f226e09e9f,combustion.services,available,5.48,51.98,high,low,10,namecheap,,,11/08/2026 10:57
b0df2fd9-ed8b-4054-a072-31ac70295da1,apposite.services,available,5.48,51.98,medium,low,8,namecheap,,,06/08/2026 07:53
4a4d5518-da9d-4c2e-b73b-9867aaa123fe,wiggler.services,available,14.99,38.99,medium,low,7,namesilo,,,19/09/2026 06:38
1a188bc0-bbf2-4365-8aab-4698f2b54006,chickenpox.services,available,5.48,51.98,medium,low,10,namecheap,,,24/09/2026 14:28
40373f3c-6433-4db6-937c-974c2050617a,equivalence.services,available,4.86,31.25,medium,low,11,spaceship,,,28/09/2026 21:10
f3c1fd7d-289b-4cd0-9473-e61a56c9fb85,mild.services,resell,,,high,low,4,"GoDaddy.com, LLC",19/12/2025 12:25,19/12/2026 12:25,26/09/2026 07:33
5d7f1070-4a25-4455-b459-283c8b103b8e,eyestrain.services,available,14.99,38.99,medium,low,9,namesilo,,,20/09/2026 17:21
462c0d18-f0f2-4a79-a795-4d12dbb05f78,doherty.services,premium,78.54,78.54,medium,low,7,namesilo,,,28/09/2026 04:19
01653093-4a5e-4c8b-803b-9d372ac39fcb,kochia.services,available,14.99,38.99,medium,low,6,namesilo,,,22/09/2026 12:18
a20722f9-125d-4e91-83b9-e6c02fcf180f,trickily.services,available,5.48,51.98,medium,low,8,namecheap,,,14/09/2026 09:11
3ec3d8df-0fe9-4862-a44e-f107a04afc44,neonate.services,available,5.48,51.98,medium,low,7,namecheap,,,03/09/2026 16:44
fb05286a-4fa0-44d1-8e89-7a959a67d9a0,vaned.services,available,5.48,51.98,medium,low,5,namecheap,,,13/09/2026 01:06
8c6a3da5-4f54-4807-af2c-4adda6cba9cf,mildly.services,available,5.48,51.98,medium,low,6,namecheap,,,15/09/2026 14:43
bf5c743f-290a-43c3-9ac1-a82dbe04a77a,rutland.services,available,14.99,38.99,high,low,7,namesilo,,,27/09/2026 05:16
de845ece-4d8a-459f-a80e-637978a1e84e,bacterial.services,available,14.99,38.99,high,low,9,namesilo,,,22/09/2026 16:00
6094e47a-7ad6-459f-8396-754fb10ae6b5,barney.services,available,4.86,31.25,high,low,6,spaceship,,,29/09/2026 21:21
080996c4-f4b3-4c47-a2e3-66260a0a851a,awarded.services,available,8.78,32.32,medium,low,7,dynadot,,,29/09/2026 05:30
2591eace-01b2-48d2-9ce1-a6f799e53ca3,whipping.services,available,5.48,51.98,medium,low,8,namecheap,,,22/08/2026 20:12
17e90d7d-896b-4592-a6f7-08fe173ba1e0,fizzing.services,available,5.48,51.98,medium,low,7,namecheap,,,18/08/2026 06:02
68225fe1-56f8-4ccf-b42b-8e1fd2466597,attended.services,available,5.48,51.98,high,low,8,namecheap,,,22/09/2026 11:17
7d86d994-da0e-4f4a-abad-ee6443c77955,moon.services,resell,,,high,medium,4,"Global Domains International, Inc. DBA DomainCostClub.com",12/04/2026 15:15,12/04/2027 15:15,30/09/2026 03:35
8c3d8d71-7aeb-4d78-9bca-fd3826fed8d0,gravid.services,available,5.48,51.98,medium,low,6,namecheap,,,16/08/2026 22:11
d99da4c4-31f6-456b-9501-a0fb33d42f78,syriac.services,available,4.86,31.25,high,low,6,spaceship,,,28/09/2026 03:24
f3dbd939-0911-4116-b889-4d651709959d,histrion.services,available,5.48,51.98,medium,low,8,namecheap,,,11/09/2026 13:07
b574bf32-ee1c-4276-a985-5292ee1214e2,prolife.services,available,5.48,51.98,high,low,8,namecheap,,,27/09/2026 06:51
673caa7d-e8f3-46a1-8d32-a49de5d44150,yeltsin.services,available,4.86,31.25,medium,low,7,spaceship,,,28/09/2026 22:09
0f3cda48-1db1-4623-bbb2-6edbe6e8cc26,lasalle.services,available,14.99,38.99,high,low,7,namesilo,,,28/09/2026 06:07
ff1990b8-790f-4366-a240-e38bd9462026,jervis.services,available,30.2,30.2,medium,low,6,cloudflare,,,29/09/2026 15:49
0a01dbfe-c9ca-4701-b7e2-4ca613fab32c,cetaceous.services,available,5.48,51.98,medium,low,9,namecheap,,,12/08/2026 01:04
16e88fe0-13ca-4d7b-9b67-6e5a68fa1060,blogs.services,available,14.99,38.99,medium,low,5,namesilo,,,20/09/2026 05:52
2beac7e9-4d6e-406f-80e8-0a80804bbbde,evasion.services,available,13.5,,high,low,7,unstoppable,,,29/09/2026 18:40
578da19d-95d5-4a03-a376-e7dbc47d9655,astronomer.services,available,5.48,51.98,high,low,10,namecheap,,,20/09/2026 18:04
cc05d8e4-9fdd-45e9-b22c-0ff910a2a73c,chordate.services,available,5.48,51.98,medium,low,8,namecheap,,,12/08/2026 07:12
29e4c0a3-5b2e-4d3e-977c-217912bc5d57,smiling.services,available,14.99,38.99,high,low,7,namesilo,,,27/09/2026 23:05
9f9830ca-33ec-476c-9e44-47dfb2d89607,aliraq.services,available,14.99,38.99,medium,low,7,namesilo,,,18/09/2026 00:54
117d19de-f570-4a73-bb96-74d60a523f11,decay.services,available,5.48,51.98,high,low,5,namecheap,,,29/09/2026 13:27
ec732b7f-d40b-4ac5-b0e5-73f346caef29,incessant.services,available,5.48,51.98,high,low,9,namecheap,,,11/08/2026 23:04
59773c57-1004-4275-b6ed-b89e713b760b,been.services,available,15.99,,medium,low,4,name.com,,,
8dac8f95-cd56-4696-8aa5-9637275d80d0,sadness.services,available,4.86,31.25,high,low,7,spaceship,,,30/09/2026 03:34
1618f1cb-1ada-4e0d-806b-44fd717905b8,mockery.services,available,5.48,51.98,high,low,7,namecheap,,,22/08/2026 12:39
59b0457f-3bfd-478b-a6c6-d5fda40e73ff,thermionic.services,available,5.48,51.98,medium,low,10,namecheap,,,11/09/2026 12:56
8d4a22b6-fea9-4d7e-9962-b3345e8ed5d6,anima.services,resell,,,high,medium,5,"GoDaddy.com, LLC",16/02/2026 17:05,16/02/2027 17:05,26/09/2026 03:53
ed0f21c1-c3a3-40d6-ab2e-e5155c407c9e,lutetium.services,available,14.99,38.99,medium,low,8,namesilo,,,20/09/2026 23:39
36b41b2e-df5d-4f5a-83de-03fbc311e973,topping.services,available,5.48,51.98,high,low,7,namecheap,,,11/09/2026 17:36
d8619de6-6c66-4974-b99e-bda5da0dd217,sitter.services,premium,42.9,85.8,high,low,6,namecheap,,,11/08/2026 06:16
b147cce6-6f74-4c8c-bffe-fdc65ea782b2,pasta.services,available,4.86,31.25,high,low,5,spaceship,,,28/09/2026 20:26
49532904-7da4-4cf6-bfa8-b5bc2465d512,attrition.services,available,14.99,38.99,high,low,9,namesilo,,,21/09/2026 02:20
541517f8-c78a-4b7d-a6e4-7ca50d22de50,asiatic.services,available,5.48,51.98,medium,low,7,namecheap,,,07/08/2026 02:29
a14dbced-5c80-466c-bf10-b81c82432c3a,biogenetic.services,available,5.48,51.98,high,low,10,namecheap,,,10/08/2026 01:12
e39b3d32-f71d-4205-8b0f-1f997fcc89c3,aerology.services,available,14.99,38.99,medium,low,8,namesilo,,,17/09/2026 13:08
2e83d8d7-9372-4605-8f79-48a8e0ad4042,humbug.services,available,14.99,38.99,medium,low,6,namesilo,,,21/09/2026 23:48
bdabf819-a98f-4760-beb2-3542be0f06dc,scarred.services,available,14.99,38.99,medium,low,7,namesilo,,,25/09/2026 17:02
83086777-20b4-4496-9728-ca5c72494b99,anorgasmia.services,available,14.99,38.99,medium,low,10,namesilo,,,19/09/2026 11:47
a4c141bc-1f97-4511-b871-c42872fce8e5,shoreward.services,available,5.48,51.98,medium,low,9,namecheap,,,22/08/2026 07:00
912254ca-f8e8-4217-baf3-032082c358af,foolhardy.services,available,5.48,51.98,medium,low,9,namecheap,,,18/08/2026 10:28
b0f034fa-2a9c-40a0-9aa8-2c711283928c,aneroid.services,available,5.48,51.98,medium,low,7,namecheap,,,
bc2649e3-36bc-4de7-80a8-e665b8f3cb4f,sneezewort.services,available,5.48,51.98,medium,low,10,namecheap,,,17/09/2026 00:38
71d962ab-be5a-402c-8843-677dbdc5e29a,spelling.services,available,30.2,30.2,high,low,8,cloudflare,,,28/09/2026 03:07
ba4ea481-78a7-4f8b-b509-bf279bebabf3,dreadful.services,available,14.99,38.99,high,low,8,namesilo,,,22/09/2026 15:15
13a80d5a-b33f-47aa-ac51-b3657b50df89,lamely.services,available,5.48,51.98,low,low,6,namecheap,,,15/09/2026 10:37
2968f345-434c-45e0-ad42-22e10e34946c,sluttish.services,available,5.48,51.98,medium,low,8,namecheap,,,10/08/2026 15:45
cd9e0087-b715-45e1-b189-3a31e85970c0,educative.services,available,5.48,51.98,high,low,9,namecheap,,,15/08/2026 11:09
bc672d21-ac6c-4544-93c8-f3bbcc9ed54a,neighboring.services,available,15.99,,high,low,11,name.com,,,
274fc70d-af30-4906-bcc0-96e653a43ec6,agnathan.services,available,5.48,51.98,medium,low,8,namecheap,,,17/09/2026 18:33
17ef7d5e-838d-41df-bf4c-f9bcd85ea677,nicely.services,available,5.48,51.98,high,low,6,namecheap,,,15/09/2026 16:32
5dd545ec-8a23-490d-ac18-dab84720a28a,circinate.services,available,5.48,51.98,high,low,9,namecheap,,,
0aabc030-b5f4-4c79-8bec-5dd588e4697e,logrolling.services,available,5.48,51.98,high,low,10,namecheap,,,23/09/2026 20:50
6acc3622-e27b-4cd7-9ee2-517ded472485,numerical.services,available,5.48,51.98,high,low,9,namecheap,,,03/09/2026 22:52
78f77ebc-f28c-45e7-94b8-1b9bb74c76eb,cao.services,available,14.99,38.99,high,low,3,namesilo,,,25/09/2026 14:36
a474ed95-3d70-4bb5-944a-4ddf3d13f0ab,jolly.services,available,14.99,38.99,high,low,5,namesilo,,,25/09/2026 11:52
710c0129-c63b-45c1-b81e-ebde9009b1c5,affable.services,available,5.48,51.98,high,low,7,namecheap,,,21/09/2026 21:27
9e72e1a5-9a8c-4378-bd72-52383284b7e6,worrisome.services,available,5.48,51.98,medium,low,9,namecheap,,,14/08/2026 13:21
50c7e37a-c303-44b8-8a50-f1420d7d1955,vladimir.services,resell,,,high,low,8,"GoDaddy.com, LLC",19/12/2025 12:26,19/12/2026 12:26,26/09/2026 10:01
11c0348c-2044-497d-9998-5d258ba00b7c,horrid.services,available,5.48,51.98,medium,low,6,namecheap,,,21/08/2026 08:14
92f7b9f8-79f0-4a96-9e5e-33217dd8e8b8,teary.services,available,5.48,51.98,medium,low,5,namecheap,,,11/09/2026 09:50
9939f6dd-192c-43ab-b96b-617877eb3730,completion.services,available,5.48,51.98,high,low,10,namecheap,,,28/09/2026 10:41
ba50f2d7-3d5f-456b-97ff-85f54ecfc0a4,deliveries.services,available,4.86,31.25,high,low,10,spaceship,,,29/09/2026 11:38
cb79e9b9-a695-44ec-bcbe-e1c46d446350,fantasies.services,available,14.99,38.99,low,low,9,namesilo,,,28/09/2026 23:52
07f52992-0fc3-495f-937b-1e8eabcf4a3e,intramural.services,available,5.48,51.98,high,low,10,namecheap,,,22/08/2026 08:43
99122111-93ec-496c-841e-c76fecb7908e,arcminute.services,available,14.99,38.99,medium,low,9,namesilo,,,20/09/2026 02:40
506afc21-9a52-425b-9fbe-52ded8d0b858,ripping.services,available,5.48,51.98,high,low,7,namecheap,,,09/09/2026 13:59
a3907d62-2f76-48c9-b20e-699a64f760cf,catatonic.services,available,5.48,51.98,medium,low,9,namecheap,,,11/08/2026 21:14
e60a3dd8-7daa-49ff-8a33-8310adbc31eb,olympian.services,available,14.99,38.99,high,low,8,namesilo,,,27/09/2026 06:52
3a3cfb80-a6cb-4547-8664-f7dcd23491d6,proceeding.services,available,14.99,38.99,high,low,10,namesilo,,,28/09/2026 10:14
e3ad895c-95bd-4bce-98bc-45a3d7c1b4b6,naively.services,available,5.48,51.98,medium,low,7,namecheap,,,15/09/2026 16:00
9de0fa5a-6803-4e77-b324-b27c20b60bc1,tamarack.services,available,5.48,51.98,medium,low,8,namecheap,,,18/09/2026 20:18
8a614b98-dc3f-4a9a-b3a7-a94d5b5f9b79,patientcare.services,available,14.99,38.99,high,low,11,namesilo,,,27/09/2026 06:52
97040d3f-a8ca-4419-9825-4acc865088e1,bandana.services,available,14.99,38.99,high,low,7,namesilo,,,22/09/2026 00:59
e456de24-f2b4-4ee3-b497-f42bc22ec60e,kookie.services,available,5.48,51.98,medium,low,6,namecheap,,,06/08/2026 21:09
eff6a835-03c1-4036-8306-ece1784c95f4,gemmed.services,available,5.48,51.98,medium,low,6,namecheap,,,18/08/2026 21:08
e99402e8-e22b-4cd1-910b-59f83b674939,facies.services,available,14.99,38.99,medium,low,6,namesilo,,,29/09/2026 04:47
3d47286e-2719-4dd0-90be-1a7e15202ff9,flaunt.services,available,5.48,51.98,high,low,6,namecheap,,,11/09/2026 05:17
cb51c56c-67c4-4aec-8c26-063031925990,wilshire.services,available,30.2,30.2,medium,low,8,cloudflare,,,29/09/2026 22:35
5859fc01-6b36-43a4-afff-04745019ed4d,subdue.services,available,5.48,51.98,high,low,6,namecheap,,,11/09/2026 07:44
b635637d-61d1-4d19-aa58-7aa819801983,refulgent.services,available,5.48,51.98,medium,low,9,namecheap,,,15/08/2026 16:26
b9b119c0-56af-4104-8638-0244aeb1c53b,arum.services,available,5.48,51.98,medium,low,4,namecheap,,,06/08/2026 20:20
5cc62925-b8c6-4980-ae4f-072338081f55,pesky.services,available,,,medium,low,5,,,,
442797a8-386f-469c-8c70-9b21f08aec58,pilgrims.services,available,30.2,30.2,medium,low,8,cloudflare,,,29/09/2026 11:05
c980a142-a35e-4f87-9a45-83bf18a1bc67,trophies.services,available,13.5,,medium,low,8,unstoppable,,,29/09/2026 17:40
23512378-d132-4c5d-9642-cb2ec186ac73,bitumen.services,available,14.99,38.99,high,low,7,namesilo,,,23/09/2026 23:13
a3a50d8b-2316-4547-8fde-8a420721fbcd,polynesian.services,available,5.48,51.98,high,low,10,namecheap,,,24/08/2026 13:48
fb0d71e5-fe0a-447e-8fd8-853d4a9420d3,hierarch.services,available,14.99,38.99,medium,low,8,namesilo,,,20/09/2026 02:30
887d24f0-35cb-405e-be53-92618fc26e18,yost.services,resell,,,medium,low,4,,,,29/09/2026 22:40
1efc5498-913e-49ce-97c4-b6ff58fc313a,exegetic.services,available,5.48,51.98,medium,low,8,namecheap,,,17/08/2026 16:59
6c08ffb2-14cb-4971-a982-8b6f927e22a9,values.services,available,15.99,,high,low,6,name.com,,,
0e16957d-9ded-4348-b0b1-64b23ec8c632,aubergine.services,available,14.99,38.99,high,low,9,namesilo,,,21/09/2026 02:33
99483f13-b6a0-47d6-8fe4-1b515dd3d6fa,strife.services,available,14.99,38.99,high,low,6,namesilo,,,24/09/2026 22:33
bc09849d-fede-4ba0-bdb2-cf2a03298c7b,illegible.services,available,5.48,51.98,medium,low,9,namecheap,,,21/08/2026 19:48
a74976a8-835a-4a52-b10c-0e673817178a,sublingual.services,available,5.48,51.98,medium,low,10,namecheap,,,11/09/2026 00:14
165aabe7-7b1b-45d1-8890-9d638534d8a9,gamey.services,available,5.48,51.98,medium,low,5,namecheap,,,18/08/2026 19:57
39d65218-a4ad-44ef-96f4-5d0b263898c4,whilst.services,available,15.99,,medium,low,6,name.com,,,
b6cbbb95-7143-49e2-b8cd-f6303576062b,blattodea.services,available,5.48,51.98,medium,low,9,namecheap,,,24/09/2026 04:54
bf2849b9-63a4-479b-a878-31e869da34a3,warehouse.services,resell,,,high,low,9,,,,27/09/2026 06:03
f9c35344-0b45-4601-90b8-e74529b59257,prolific.services,resell,,,high,low,8,"GoDaddy.com, LLC",14/07/2026 20:34,14/07/2027 20:34,27/09/2026 07:21
d5d3f732-7f2b-419a-87c1-ecf222b8f0dd,tzarist.services,available,15.99,52.99,medium,low,7,name.com,,,13/08/2026 14:59
6eb82cc2-80f6-4ba9-96c7-ead3ee2771fd,ignored.services,available,5.48,51.98,medium,low,7,namecheap,,,21/08/2026 18:34
bb8368a4-9456-4275-a0d7-d2f7ee179e34,looking.services,available,14.99,38.99,high,low,7,namesilo,,,25/09/2026 14:19
787f710a-71e5-4c29-8a1f-36bf8aa0d43d,singly.services,available,5.48,51.98,medium,low,6,namecheap,,,15/09/2026 08:03
87609391-0111-45d2-8ce3-3914700226c7,manganese.services,available,14.99,38.99,medium,low,9,namesilo,,,20/09/2026 22:40
b509f197-17c2-4274-b5cb-c159fd462d00,polyphase.services,available,5.48,51.98,high,low,9,namecheap,,,03/09/2026 10:52
5f17f410-b80d-492c-837f-c7cadcb78369,bassett.services,available,14.99,38.99,high,low,7,namesilo,,,27/09/2026 07:09
59ae22b4-bf47-4e18-b72c-20651e25b1aa,rebuilding.services,premium,220,220,high,low,10,dynadot,,,29/09/2026 20:09
68e2bf33-61c1-4b70-86b8-ab4ae4cbfc48,ineffably.services,available,5.48,51.98,medium,low,9,namecheap,,,15/09/2026 07:55
7425c985-1eea-4985-a4f9-5c45366a2d43,timeworn.services,available,5.48,51.98,medium,low,8,namecheap,,,08/08/2026 11:14
bee44d68-d496-488b-8a60-1260609aa3f4,anthriscus.services,available,5.48,51.98,medium,low,10,namecheap,,,19/09/2026 13:53
ec9a8c15-539a-473a-8b2c-a312a92821df,taupe.services,available,5.48,51.98,medium,low,5,namecheap,,,18/08/2026 19:04
2f43d363-0575-4327-8e81-322d232752ae,arava.services,available,5.48,51.98,medium,low,5,namecheap,,,20/09/2026 00:28
9a4d40a8-f6f7-4b11-85ce-291e3b4ef520,knackered.services,available,5.48,51.98,medium,low,9,namecheap,,,22/08/2026 16:23
b48b39bf-ad01-4262-af65-872c878d1f9d,poised.services,available,5.48,51.98,high,low,6,namecheap,,,17/08/2026 11:38
8a08cb47-f0b4-475d-bbb2-ee9e4d9394e7,cheetos.services,available,14.99,38.99,high,low,7,namesilo,,,21/09/2026 04:04
f5429075-005e-4853-83e4-2fc47091e228,unshoed.services,available,5.48,51.98,low,low,7,namecheap,,,12/09/2026 19:51
8ce8a308-956d-402b-b5d9-6d1cad50bd85,musing.services,available,5.48,51.98,high,low,6,namecheap,,,11/08/2026 05:58
9a25ee6c-97a2-40be-b979-32d6dc356237,bollard.services,available,14.99,38.99,high,low,7,namesilo,,,23/09/2026 22:48
463079c1-e981-43af-8023-61116ab706e2,indigene.services,available,5.48,51.98,medium,low,8,namecheap,,,03/09/2026 13:49
e75162bf-dae8-4536-8310-f7334814259e,washout.services,available,5.48,51.98,medium,low,7,namecheap,,,14/08/2026 20:57
9444740f-d9ef-4ab5-8bf3-89a784e05881,banks.services,premium,242,242,high,low,5,namesilo,,,22/09/2026 02:52
47b37071-f51d-49fa-b547-8dfc85106ec7,grime.services,available,5.48,51.98,medium,low,5,namecheap,,,14/08/2026 09:15
e33e8428-d8e5-456f-805c-0167712e3d7f,orleans.services,available,,,high,low,7,,,,
dead2181-d67b-4eb7-99dc-4bc49567ec1c,blossoming.services,available,14.99,38.99,high,low,10,namesilo,,,27/09/2026 06:52
c3506c0b-1257-4d1b-8dde-7ffaea702ef1,philosophical.services,available,4.86,31.25,high,low,13,spaceship,,,29/09/2026 08:37
ca8cb6fc-012c-4214-bbdc-78bf0980d7b7,warner.services,available,4.86,31.25,high,low,6,spaceship,,,28/09/2026 05:27
394d7e26-3201-4f01-a5e5-3f05ced586ac,gastronome.services,available,5.48,51.98,high,low,10,namecheap,,,17/08/2026 10:44
3946429a-3d2a-4ce0-b7e1-807576a3fcb8,coffeeman.services,available,15.99,,high,low,9,name.com,,,
a0b12771-d3e1-42c5-9a13-f751ce5c6f10,soused.services,available,5.48,51.98,low,low,6,namecheap,,,09/08/2026 16:07
cab9dc78-2514-460b-b35b-1dc5e4102f4b,adductive.services,available,5.48,51.98,medium,low,9,namecheap,,,
5701ad58-3bf8-4be6-8d6c-a9e7c1086d65,delegation.services,available,5.48,51.98,high,low,10,namecheap,,,24/09/2026 21:32
de9d8a32-2019-4301-8120-fb1604e2e241,grower.services,available,5.48,51.98,high,low,6,namecheap,,,17/09/2026 19:21
75355144-72b6-4d5a-abe7-4a2a1770c75e,inviolate.services,available,5.48,51.98,medium,low,9,namecheap,,,22/08/2026 09:06
30cb5c6a-103e-4cde-8759-fbe5916414fb,odium.services,available,14.99,38.99,medium,low,5,namesilo,,,16/09/2026 15:27
9780d3a3-7719-41ec-a13d-0cfe14f9ef24,palmer.services,available,14.99,38.99,high,low,6,namesilo,,,20/09/2026 08:18
646ad964-a410-4949-9139-1e5e43905bc6,continually.services,available,15.99,,medium,low,11,name.com,,,
750356f9-8fc3-45ee-9105-99da84b7a463,verbose.services,available,5.48,51.98,medium,low,7,namecheap,,,24/08/2026 09:27
dfbfa33b-408b-415e-90a2-4e252ecb217b,sucked.services,available,14.99,38.99,medium,low,6,namesilo,,,18/09/2026 04:29
12f4ba99-a30b-44f2-ba08-bc817a74cfb9,adige.services,available,14.99,38.99,medium,low,5,namesilo,,,17/09/2026 08:16
8e8d02b1-8897-4d01-b0c7-bf7855288780,informers.services,available,14.99,38.99,medium,low,9,namesilo,,,21/09/2026 09:19
0429d95c-2c03-465e-a824-d0381b9b3867,mexican.services,premium,42.9,85.8,high,low,7,namecheap,,,25/09/2026 20:01
2cef6d39-e917-41b2-9290-f1dd228f4dbb,touched.services,available,14.99,38.99,high,low,7,namesilo,,,27/09/2026 06:55
7fdb66ac-7efe-4188-af34-35a9f8b12d6c,waltz.services,available,8.78,32.32,high,low,5,dynadot,,,28/09/2026 15:32
e021018c-27c2-4f06-9532-b51aadc521cb,eel.services,available,30.2,30.2,high,low,3,cloudflare,,,30/09/2026 01:28
e6876380-058a-43f3-b4bd-a581fd28af2c,bookworm.services,available,5.48,51.98,high,low,8,namecheap,,,09/09/2026 23:16
c4340c40-6b58-46fd-bd1b-8cbe3db1bb06,grassy.services,available,5.48,51.98,high,low,6,namecheap,,,20/08/2026 18:20
5232a524-92c0-4858-b2c8-95047595c0ea,apartheid.services,available,14.99,38.99,medium,low,9,namesilo,,,19/09/2026 16:15
3075abaa-4310-4989-9923-1e289c43faad,farrell.services,resell,,,medium,low,7,"Spaceship, Inc.",04/04/2026 20:13,04/04/2027 20:13,26/09/2026 06:01
39b48b28-f691-4eea-ab82-a395622cbd9c,flatly.services,available,5.48,51.98,medium,low,6,namecheap,,,14/09/2026 05:29
89fadae5-6b72-406d-a17e-6e97b0ae6093,withdrawn.services,available,5.48,51.98,medium,low,9,namecheap,,,22/08/2026 03:25
35209ac0-3198-448c-957a-50c7f77d6dd7,swaps.services,available,14.99,38.99,medium,low,5,namesilo,,,18/09/2026 22:39
3696e60b-c7ed-4fff-8612-fa4359c53516,songster.services,available,14.99,38.99,medium,low,8,namesilo,,,21/09/2026 22:38
eb280839-f94b-4d17-bf03-9fe23d6bb9e0,bunco.services,available,5.48,51.98,medium,low,5,namecheap,,,14/09/2026 07:59
db5ed753-0c6c-42d3-87b4-e5332d8494fa,geologist.services,available,5.48,51.98,high,low,9,namecheap,,,29/09/2026 12:39
27e13f48-ff5a-47a5-882c-bec7db126e91,ignoring.services,available,14.99,38.99,medium,low,8,namesilo,,,28/09/2026 11:32
856b1a55-ebb0-4283-a5cd-57ebf27c2381,host.services,resell,,,high,medium,4,"Global Domains International, Inc. DBA DomainCostClub.com",20/09/2026 15:15,20/09/2027 15:15,26/09/2026 06:44
a634d385-607e-4cb2-bb0a-d37428661e39,betterment.services,available,5.48,51.98,high,low,10,namecheap,,,18/09/2026 18:20
0dafef53-a949-4678-8889-81dde328a875,academe.services,available,5.48,51.98,high,low,7,namecheap,,,16/09/2026 20:22
b611cd36-ca1a-4587-95ed-509871dcc42e,mottled.services,available,15.99,52.99,medium,low,7,name.com,,,13/08/2026 17:41
50bd4084-2678-4c12-8d7a-1a62e1ce6eb7,dandy.services,available,5.48,51.98,high,low,5,namecheap,,,08/08/2026 12:30
f660fac1-b035-4897-9835-0b243f5280ea,lii.services,available,5.48,51.98,high,low,3,namecheap,,,
ec81151e-616f-4daa-aa6c-9ce9e4aa0e3b,cytolytic.services,available,15.99,52.99,medium,low,9,name.com,,,13/08/2026 14:42
b8a58396-b5ae-4d1e-b3e7-8e1fb366252b,asleep.services,available,14.99,38.99,high,low,6,namesilo,,,22/09/2026 09:45
d2fa7a51-750c-4c07-952e-89851341e7db,involving.services,available,15.99,,medium,low,9,name.com,,,
39f94237-8f00-4e96-ba37-42afb4c1fbcd,emeer.services,available,5.48,51.98,medium,low,5,namecheap,,,18/09/2026 18:00
37c2b963-13e6-4e0b-a558-6b5781e141c9,categoric.services,available,5.48,51.98,medium,low,9,namecheap,,,11/08/2026 21:29
3116ef6d-4977-4915-b540-473be332d0ac,alarmism.services,available,14.99,38.99,medium,low,8,namesilo,,,18/09/2026 01:58
3497d886-365a-425e-96e4-f0d287662c48,revocation.services,available,15.99,52.99,medium,low,10,name.com,,,19/09/2026 11:02
8e793160-7c02-415f-874f-24867289dc29,drippy.services,available,5.48,51.98,medium,low,6,namecheap,,,09/08/2026 00:32
b8101131-39ba-40d9-abe2-17bd0238af99,pepperidge.services,available,14.99,38.99,medium,low,10,namesilo,,,24/09/2026 00:49
79f0b6e0-59c7-4630-add1-88fa3a512d0d,myalgic.services,available,5.48,51.98,medium,low,7,namecheap,,,03/09/2026 11:57
a07bcddb-c7a9-4510-a3f4-41c1054c7e85,shifted.services,available,13.5,,medium,low,7,unstoppable,,,29/09/2026 17:17
805315c0-1170-4250-bc5c-94b7eb67d4eb,preferent.services,available,5.48,51.98,medium,low,9,namecheap,,,09/08/2026 17:55
6c4f29d1-ab3c-49a5-b337-d10f90964e55,pondering.services,available,5.48,51.98,high,low,9,namecheap,,,11/08/2026 06:01
d813cb78-02ac-4ba7-90e5-5ec2c667c7d4,tilefish.services,available,14.99,38.99,medium,low,8,namesilo,,,24/09/2026 04:04
98ac9dbc-636a-4330-96fa-8a6fc73b08db,orthodox.services,premium,242,242,high,low,8,namesilo,,,27/09/2026 06:52
8c09220a-e021-458c-9cae-a0c4428082ac,buttercups.services,available,15.99,52.99,medium,low,10,name.com,,,20/09/2026 19:49
f1b583d8-a3c8-481b-abaa-60fb87326268,verpa.services,available,5.48,51.98,medium,low,5,namecheap,,,23/09/2026 05:34
91dfdc56-e68d-47ff-a9cd-33559ba93cc2,lxxi.services,available,5.48,51.98,medium,low,4,namecheap,,,
c8396400-f6a2-431d-b7d6-7742ef1d4570,duckling.services,available,14.99,38.99,high,low,8,namesilo,,,25/09/2026 00:17
0bb9c246-0461-4cb2-aee5-f6629a225744,maximally.services,available,5.48,51.98,medium,low,9,namecheap,,,15/09/2026 13:43
fba09e09-852b-4ba6-a77e-738a40c9672a,lethargic.services,available,5.48,51.98,medium,low,9,namecheap,,,23/08/2026 00:27
7cabf086-82bc-44d1-a6ad-7a029814f22e,uppermost.services,available,5.48,51.98,medium,low,9,namecheap,,,11/09/2026 17:48
b7e9a91e-419d-4b2c-841f-e3a81245a478,prospering.services,available,5.48,51.98,medium,low,10,namecheap,,,10/08/2026 19:17
8a6dced7-8c75-4c23-ae0a-ab18aabb9744,dismount.services,available,14.99,38.99,high,low,8,namesilo,,,24/09/2026 22:48
468551d8-7ed8-4155-ab61-d4087c9feac6,traffic.services,premium,17.28,34.36,high,low,7,spaceship,,,29/09/2026 13:24
d2bce4dd-3528-45ad-989c-8e570ca77420,parenteral.services,available,5.48,51.98,high,low,10,namecheap,,,08/09/2026 01:19
9d93ab80-ef10-4ebd-a320-792a5bf7c1eb,hwy.services,available,8.78,32.32,high,low,3,dynadot,,,29/09/2026 05:03
77fdcbd2-08da-4760-9cf6-1933c3c68216,che.services,available,4.86,31.25,high,low,3,spaceship,,,29/09/2026 02:51
fd6564ab-5fd6-4617-84ea-49d47056017f,nobelium.services,available,5.48,51.98,medium,low,8,namecheap,,,20/09/2026 21:58
7759b7b2-f8dd-487e-bd70-c57e72a47bc2,baldachin.services,available,5.48,51.98,medium,low,9,namecheap,,,21/09/2026 21:30
1b3e5ccf-3acb-4a85-ac9a-8f4903dafc66,apostrophe.services,available,5.48,51.98,high,low,10,namecheap,,,19/09/2026 19:30
928fc236-85b3-4237-9532-42d8705655d0,stainless.services,available,5.48,51.98,high,low,9,namecheap,,,10/09/2026 18:15
c379eea9-7139-4819-bc2e-465beefbf0cd,acarine.services,available,5.48,51.98,medium,low,7,namecheap,,,16/09/2026 21:33
33b4624b-43a2-4c6c-8509-887c5aee1ffd,reticulate.services,available,5.48,51.98,high,low,10,namecheap,,,09/09/2026 15:32
a03f82b1-a328-4a37-a454-aa3ac6a9f78a,ointment.services,available,5.48,51.98,high,low,8,namecheap,,,16/08/2026 15:54
3595f4db-0db0-400c-bf8c-c3dbdb4712d4,tells.services,available,14.99,38.99,medium,low,5,namesilo,,,18/09/2026 14:10
db7243f2-7912-4722-b0f0-5df0a89c0519,synchronise.services,available,15.99,,high,low,11,name.com,,,
b4ef9598-168f-44eb-aad3-b04b17f202e4,overactive.services,available,5.48,51.98,medium,low,10,namecheap,,,21/08/2026 16:42
ca95b7ba-1ba0-4423-b5da-888d9750f972,witness.services,premium,242,242,high,low,7,namesilo,,,21/09/2026 01:35
64caf272-9c82-4a39-a8cb-2c5f83d2d476,magyar.services,available,5.48,51.98,high,low,6,namecheap,,,21/08/2026 15:41
0fdd41e9-e1d3-4119-9909-72b628067d7d,programmed.services,available,14.99,38.99,high,low,10,namesilo,,,28/09/2026 12:27
1748bd53-fafc-4963-8503-ff54900f8f1c,scramble.services,available,14.99,38.99,high,low,8,namesilo,,,24/09/2026 15:13
657c31fd-b4a9-46d7-a44e-f7bd3c434dec,doggedly.services,available,5.48,51.98,medium,low,8,namecheap,,,14/09/2026 13:33
8e1ded98-7749-4acd-9e32-b80b7ed647b4,longing.services,available,13.5,,medium,low,7,unstoppable,,,28/09/2026 19:43
a63fe667-a496-4a9a-b4cf-270e572f2617,thereof.services,available,15.99,52.99,medium,low,7,name.com,,,16/09/2026 08:41
b5b5a45a-d69f-46d1-9eed-5e2f39ecdbf0,vowels.services,available,14.99,38.99,medium,low,6,namesilo,,,20/09/2026 00:07
2470d293-8354-4edf-b49e-bd7c53d0da9a,refused.services,available,14.99,38.99,medium,low,7,namesilo,,,18/09/2026 13:40
a15e78ed-80c9-4d4d-b86c-1f41a0537134,overly.services,available,5.48,51.98,high,low,6,namecheap,,,14/09/2026 16:48
3fa6ad8a-0a07-4b30-8ad1-7d4d702a3b2d,tyro.services,available,5.48,51.98,high,low,4,namecheap,,,23/09/2026 02:27
77f18a50-470c-4c51-808f-1931b2b282cf,catalogue.services,resell,,,high,low,9,"GoDaddy.com, LLC",16/09/2026 20:06,16/09/2027 20:06,26/09/2026 04:48
d396ba14-34fb-4511-9217-89898ef710c8,roiled.services,available,5.48,51.98,medium,low,6,namecheap,,,
20a9d3fe-2b2c-4df5-bba6-737b8f11fa09,paraffin.services,available,5.48,51.98,high,low,8,namecheap,,,18/09/2026 08:24
b01d0357-dd91-464d-9c8d-7c1a2784034a,avifauna.services,available,14.99,38.99,medium,low,8,namesilo,,,21/09/2026 09:31
17a2634a-d36f-4cea-ab8e-48c5c11bea6d,slavery.services,available,5.48,51.98,high,low,7,namecheap,,,10/09/2026 10:30
96719903-44bc-490a-be97-478018eae3f6,specify.services,available,4.86,31.25,high,low,7,spaceship,,,29/09/2026 20:40
4b98de0c-a3d3-4ee0-ad99-f0bc36bd6e64,heterodyne.services,available,5.48,51.98,high,low,10,namecheap,,,21/08/2026 07:29
d6047a7c-8b4c-4b5b-a22e-a2706a6df398,seats.services,available,15.99,,high,low,5,name.com,,,
ea2b7845-d693-4472-be8c-4627cf3072e7,abyss.services,available,5.48,51.98,high,low,5,namecheap,,,16/09/2026 19:43
e02c364e-282e-4895-a144-b1c6552b32c8,danvers.services,available,14.99,38.99,medium,low,7,namesilo,,,29/09/2026 22:33
7921b154-bd3e-4d4e-9889-c2095a085c6d,addible.services,available,5.48,51.98,medium,low,7,namecheap,,,
8640673b-96a7-404c-ab4c-aeb2f666127b,backplate.services,available,14.99,38.99,high,low,9,namesilo,,,21/09/2026 15:46
42f55aff-7f98-409e-b6c7-78c0bb2c22be,camel.services,available,4.86,31.25,high,low,5,spaceship,,,28/09/2026 01:20
5996d353-52f0-4905-8fba-5ab6e332d9dc,aerate.services,available,5.48,51.98,high,low,6,namecheap,,,17/09/2026 21:35
7acac01b-28a2-4914-8ba8-7119e18b4487,serves.services,available,14.99,38.99,high,low,6,namesilo,,,18/09/2026 11:42
99ac55ec-f1ed-4983-a6d1-f1d76d1691b0,hardbound.services,available,5.48,51.98,medium,low,9,namecheap,,,21/08/2026 00:42
3a4169fe-1980-40a7-8f9f-9cf46bbe4692,tube.services,premium,42.9,85.8,high,low,4,namecheap,,,25/09/2026 22:34
fd8c765f-6cc1-4488-89fc-a3652be978bd,hutchins.services,available,8.78,32.32,medium,low,8,dynadot,,,28/09/2026 19:28
933c1d86-2006-46a6-99b3-0b5bcb9a6011,maternal.services,premium,130,260,high,low,8,namecheap,,,25/09/2026 18:01
d848a2f7-d477-4c03-bea3-4fc784807564,laxative.services,available,5.48,51.98,high,low,8,namecheap,,,22/08/2026 21:25
ac1f4aea-ed6d-4ba5-819d-c29c902af4aa,prints.services,available,5.48,51.98,high,low,6,namecheap,,,17/09/2026 13:53
dd6e0c14-d48e-490f-b115-3db62e4fa282,fitzpatrick.services,available,14.99,38.99,medium,low,11,namesilo,,,27/09/2026 07:56
4e7bf47c-da0d-4938-afa9-14b6c456bf4d,betray.services,available,4.86,31.25,medium,low,6,spaceship,,,28/09/2026 13:49
ab1bf967-f78e-4581-a5d4-68f99fd35a0b,sting.services,available,5.48,51.98,high,low,5,namecheap,,,10/09/2026 20:46
d4e28f2c-fbb9-4fcd-b94c-4f349e06c4fc,weakening.services,available,15.99,52.99,medium,low,9,name.com,,,13/08/2026 20:44
32c34033-9246-4a0a-839d-3db643dfc6c3,fitch.services,available,4.86,31.25,medium,low,5,spaceship,,,29/09/2026 12:21
5e564d90-dfb7-4707-b64d-97b5735562a7,cuddly.services,available,5.48,51.98,high,low,6,namecheap,,,13/08/2026 10:11
965689e7-d421-4f76-a03f-0e480432c6b8,videogames.services,available,13.5,38.99,medium,low,11,unstoppable,,,28/09/2026 06:42
8b0993ab-d6fd-4a05-a9ea-0e100e2c8a28,churlish.services,available,5.48,51.98,medium,low,8,namecheap,,,12/08/2026 07:49
c7faa8d3-0583-4c7c-b98a-3a6b4a9dfea6,reportedly.services,available,5.48,51.98,medium,low,10,namecheap,,,15/09/2026 23:15
089b2b2a-b341-4a2f-99fe-7d94480bd96d,leaning.services,available,5.48,51.98,high,low,7,namecheap,,,07/08/2026 13:24
1e0b720e-301f-4c9f-b23d-5a20f8ae69b2,wavell.services,available,14.99,38.99,medium,low,6,namesilo,,,20/09/2026 02:03
42f1352f-8922-4145-a974-a852198457b2,powerfully.services,available,5.48,51.98,high,low,10,namecheap,,,15/09/2026 21:10
dbd1ce2e-a49b-4ed4-b409-234201bed1bd,bumper.services,available,14.99,38.99,high,low,6,namesilo,,,24/09/2026 11:09
6a2c777e-1709-4873-9fb8-4ffddeaade48,armilla.services,available,14.99,38.99,medium,low,7,namesilo,,,20/09/2026 07:02
1563335f-9b24-422b-add5-1be8b5cfd666,botchy.services,available,5.48,51.98,medium,low,6,namecheap,,,10/08/2026 20:53
48c1a18e-bbb9-48d2-b0a9-4ab42abeaab3,laying.services,available,14.99,38.99,high,low,6,namesilo,,,25/09/2026 22:34
a01a28ea-5d71-4a13-b996-db97ee41be8d,esthesis.services,available,14.99,38.99,low,low,8,namesilo,,,17/09/2026 13:28
a3a3ed54-8626-464c-bc3d-fd500ee6ac6a,arriviste.services,available,5.48,51.98,medium,low,9,namecheap,,,03/09/2026 22:17
92e91db8-12bf-4920-860f-30620e975079,frequency.services,available,5.48,51.98,high,low,9,namecheap,,,16/09/2026 17:49
567497e1-eb8c-483c-ab2c-c00decc7ba4c,dogsledding.services,available,14.99,38.99,medium,low,11,namesilo,,,20/09/2026 01:02
64cdfd1e-a117-4703-96c2-13416f63ac85,irma.services,available,4.86,31.25,medium,low,4,spaceship,,,28/09/2026 22:00
7a88bf9c-bfbc-4bb5-aaf3-650e0a6243fd,appearances.services,available,14.99,38.99,low,low,11,namesilo,,,28/09/2026 23:35
79af1f66-7026-4baa-a033-8b8e3bcf4f66,fixation.services,available,14.99,38.99,high,low,8,namesilo,,,20/09/2026 09:06
8ac6c15d-96bf-498a-a562-932cb2db1b25,wizardly.services,available,5.48,51.98,medium,low,8,namecheap,,,24/08/2026 13:02
cfac72b6-0072-4c5a-8892-551a764ba168,eleanor.services,available,4.86,31.25,high,low,7,spaceship,,,28/09/2026 03:53
34cc7301-3ff2-457f-94ef-4bd50227d541,ldl.services,resell,,,high,low,3,"GoDaddy.com, LLC",19/12/2025 12:24,19/12/2026 12:24,26/09/2026 07:10
cd3dc791-0f48-41e0-9060-e84cf7b61df0,potbound.services,available,5.48,51.98,medium,low,8,namecheap,,,09/09/2026 00:44
1ee12987-2a9f-4245-a6b8-580f9f2534ee,ankles.services,available,13.5,,medium,low,6,unstoppable,,,30/09/2026 00:20
d6be47e3-2116-4221-9bbd-827cff6be5a4,plates.services,available,5.48,51.98,medium,low,6,namecheap,,,27/09/2026 02:22
ee11568c-4a54-436f-95b5-d527e230f052,entitled.services,available,5.48,51.98,high,low,8,namecheap,,,24/09/2026 14:10
307b7efb-0f28-4219-ac27-10b7e89dfca2,intestine.services,available,13.5,,medium,low,9,unstoppable,,,29/09/2026 18:03
c5991932-fa85-4dbe-b55e-46b1068d8262,nearest.services,available,4.86,31.25,medium,low,7,spaceship,,,28/09/2026 14:05
60cf35f3-4282-437d-a795-a1d3ad468c37,sharp.services,resell,,,high,low,5,"Spaceship, Inc.",03/03/2026 20:27,03/03/2027 20:27,26/09/2026 08:58
4add10a0-6936-4a34-a0e0-7cd362e258ce,songbird.services,available,15.99,,high,low,8,name.com,,,
d27bf415-011d-48c6-b83e-a783bc8a4502,edges.services,available,8.78,32.32,medium,low,5,dynadot,,,28/09/2026 22:54
8f3a092a-dd79-4441-ad25-773bfa713bca,tumbling.services,available,14.99,38.99,high,low,8,namesilo,,,17/09/2026 03:22
4af248dc-788b-4bcf-8117-61246d71350b,ferine.services,available,5.48,51.98,medium,low,6,namecheap,,,18/08/2026 01:16
c2aaeaae-b18a-4bf8-a3cf-7df339316b15,recessions.services,available,14.99,38.99,low,low,10,namesilo,,,21/09/2026 06:29
1da11b13-0d23-4e28-abcc-4b0245980916,alienating.services,available,5.48,51.98,medium,low,10,namecheap,,,
68e95b8e-0a80-4bda-a8d2-4c37207d30c4,fecund.services,available,5.48,51.98,medium,low,6,namecheap,,,18/08/2026 00:34
5b51017c-c861-4f76-b755-10d34d33ca4b,boned.services,available,5.48,51.98,high,low,5,namecheap,,,10/08/2026 18:34
3293cc32-20d8-48cc-95d6-c7a83b0ae380,shaken.services,available,5.48,51.98,high,low,6,namecheap,,,10/09/2026 05:44
df912da8-981c-45c7-9aed-092c1772f9ce,frederick.services,available,3.99,59.99,high,low,9,godaddy,,,28/09/2026 01:56
83d37e29-cc6d-475d-a98d-42fe2022dcd8,painting.services,premium,520,1040,high,low,8,namecheap,,,25/09/2026 07:33
3c01ca1a-f277-4011-ab93-9b263b27c4b5,regulator.services,available,5.48,51.98,high,low,9,namecheap,,,29/09/2026 20:08
4b15b024-3289-446e-8012-1fd1a021b732,despotic.services,available,5.48,51.98,medium,low,8,namecheap,,,07/08/2026 18:58
c38f4efb-8af6-4c8f-9161-5b0c9985a347,trimox.services,available,5.48,51.98,medium,low,6,namecheap,,,18/09/2026 22:57
62d4ebba-8bff-473a-85a5-1b38c40b5d1a,currently.services,available,4.86,31.25,medium,low,9,spaceship,,,28/09/2026 14:29
3a5c2b49-383d-4521-b7eb-34e6e0ade70c,linearly.services,available,5.48,51.98,medium,low,8,namecheap,,,15/09/2026 12:25
c392b28f-e917-4cf8-bfbc-4c03073f2982,strapping.services,available,5.48,51.98,high,low,9,namecheap,,,09/08/2026 08:02
6ccf5f3e-2364-4788-b8ff-95316547b03d,arenga.services,available,14.99,38.99,medium,low,6,namesilo,,,20/09/2026 03:43
05ea5cb2-6b60-4022-a5be-c8ae009a82e9,sweetly.services,available,5.48,51.98,high,low,7,namecheap,,,11/09/2026 05:33
36c8ad72-af56-4dd3-b22a-fb638b027c3e,wapiti.services,available,14.99,38.99,medium,low,6,namesilo,,,18/09/2026 19:45
7e185be5-aa10-4067-b555-65505f7f767a,receding.services,available,5.48,51.98,medium,low,8,namecheap,,,09/09/2026 11:16
237cca73-bc2c-4b36-9ae3-d8c2c7efe0fc,deposits.services,available,15.99,,medium,low,8,name.com,,,
fcc1a6e0-3ce6-41af-81e3-993befc126a5,internets.services,available,14.99,38.99,medium,low,9,namesilo,,,28/09/2026 02:35
ab95a6f4-b928-4e4c-9941-715e5016f6b2,blush.services,resell,,,high,low,5,"GoDaddy.com, LLC",13/02/2026 17:04,13/02/2027 17:04,27/09/2026 06:52
611281c6-c736-4c5a-a1eb-5b2e09b9b4f1,hides.services,available,14.99,38.99,medium,low,5,namesilo,,,18/09/2026 23:59
49e10e54-3fe8-45de-8095-2eefb73192a7,river.services,resell,,,high,low,5,Dynadot Inc,30/05/2026 17:00,30/05/2027 17:00,26/09/2026 08:42
89bcc815-9e68-465c-b14d-50d331a326dd,body.services,premium,242,242,high,low,4,namesilo,,,24/09/2026 06:32
6862198d-1d69-49e3-b343-7c151898446d,summertime.services,available,14.99,38.99,high,low,11,namesilo,,,18/09/2026 00:39
12fe2d31-5b83-4b1e-973f-fd81e54aa89d,matted.services,available,5.48,51.98,medium,low,6,namecheap,,,24/08/2026 16:52
638f18d6-4fc3-422d-86bb-3c9060fd97dd,licking.services,available,5.48,51.98,high,low,7,namecheap,,,13/09/2026 11:11
8e15c479-c3e7-4ecd-8255-c24efdafdbe2,fordham.services,available,5.48,51.98,medium,low,7,namecheap,,,27/09/2026 07:54
4fab4188-c279-4434-a796-5e72b8236b61,tellingly.services,available,14.99,38.99,medium,low,9,namesilo,,,16/09/2026 08:14
1897acd0-e8ea-4b9e-b3c4-c5d1302e6163,polemical.services,available,5.48,51.98,medium,low,9,namecheap,,,08/09/2026 22:53
0b8ee616-75bb-4c5c-b98f-4d44f1da99fc,winters.services,resell,,,high,low,7,,,,28/09/2026 22:16
66cae98d-004c-4e36-828f-00a75fc29b66,estranged.services,available,5.48,51.98,medium,low,9,namecheap,,,17/08/2026 13:30
9f6c6f0f-c484-4ead-a6bf-ed418137b5cc,unabashed.services,available,5.48,51.98,medium,low,9,namecheap,,,11/09/2026 23:19
de68336c-6fe1-4f97-9312-7ad7b4c571b2,lettuce.services,available,8.78,32.32,high,low,7,dynadot,,,29/09/2026 03:25
3b2d921b-59ab-446c-ae06-fd6da629c5a1,larkin.services,available,14.99,38.99,high,low,6,namesilo,,,27/09/2026 23:26
e4ea44c5-18db-4c98-864a-e31dc4ab42ee,announced.services,available,5.48,51.98,high,low,9,namecheap,,,22/09/2026 05:10
55a5bd7a-287f-4da2-a731-427d208b7bde,hindu.services,premium,130,260,high,low,5,namecheap,,,21/08/2026 09:30
35355fe0-5ec2-4be5-b75f-09a4e2a7ae34,jammu.services,available,13.5,,high,low,5,unstoppable,,,29/09/2026 15:33
209010a5-2808-4def-9c89-f2e85e7aecc7,anethum.services,available,14.99,38.99,medium,low,7,namesilo,,,19/09/2026 05:35
198cff53-91fc-4f54-a4e9-38a09f292d51,tools.services,premium,854,854,high,medium,5,namesilo,,,17/09/2026 15:46
9844b1de-1451-499f-878d-cd3aeac0e7df,fairchild.services,available,14.99,38.99,high,low,9,namesilo,,,27/09/2026 07:56
cec2a0c7-a8a7-4a44-8b58-abd044868068,surpassing.services,available,5.48,51.98,high,low,10,namecheap,,,17/08/2026 16:03
909ff907-e8cb-4257-8f96-e4d4763ccc53,seasonally.services,available,5.48,51.98,medium,low,10,namecheap,,,16/09/2026 00:48
b3a84b86-d8ee-4af4-a45a-2b246380db04,superficial.services,available,5.48,51.98,medium,low,11,namecheap,,,28/09/2026 20:58
920382ed-b405-4cda-ade0-eb9aabd49eaf,kantian.services,available,5.48,51.98,high,low,7,namecheap,,,22/08/2026 15:06
ed071c0f-2450-488b-875f-b1e34b0a24af,buttercup.services,available,14.99,38.99,high,low,9,namesilo,,,24/09/2026 11:18
72baea73-d391-4a2e-889a-ed31605a9768,thespian.services,available,5.48,51.98,high,low,8,namecheap,,,11/09/2026 13:05
44c9bf3c-22fc-4130-8876-eeb8c985f796,colonel.services,available,5.48,51.98,high,low,7,namecheap,,,27/09/2026 03:33
45a77c3e-c096-4466-9db2-a020826523f7,ann.services,available,,,high,low,3,,,,
bb80ac68-4b3d-4c97-8272-ed543f915f0c,marduk.services,available,14.99,38.99,medium,low,6,namesilo,,,21/09/2026 12:06
7a89c447-5410-48b2-822f-ef3011aeada4,establishing.services,available,4.86,31.25,high,low,12,spaceship,,,29/09/2026 21:01
fe3ff737-996b-4787-96fd-b7336263035a,warrington.services,premium,17.28,34.36,medium,low,10,spaceship,,,28/09/2026 07:51
11f6f43d-3383-40ad-b4be-cba3d82828a3,lusty.services,available,14.99,38.99,high,low,5,namesilo,,,27/09/2026 06:52
a6b6ae1c-9ac6-4ed1-a08a-00f7481834cb,backspace.services,available,14.99,38.99,high,low,9,namesilo,,,21/09/2026 16:01
a4423ede-7b25-4857-96a6-32f4a4ed1d61,slovakian.services,available,5.48,51.98,high,low,9,namecheap,,,10/09/2026 11:16
2b7a0b13-2cee-4fb8-bb6a-df4bf8b98a91,compensate.services,available,14.99,38.99,high,low,10,namesilo,,,27/09/2026 15:05
909b4f27-d91e-4cbb-841a-39a6ec6c80fc,proscribed.services,available,5.48,51.98,medium,low,10,namecheap,,,18/08/2026 11:01
e77fea91-c722-465c-b310-0e12fe2fd13a,greenness.services,available,5.48,51.98,high,low,9,namecheap,,,20/08/2026 19:45
2fb071fb-4250-4977-8f12-e7de9841b94c,freehand.services,available,5.48,51.98,high,low,8,namecheap,,,18/08/2026 14:55
9e78bcd7-c392-4982-90bb-2ffc9db09e30,copenhagen.services,premium,200.5,,high,low,10,unstoppable,,,29/09/2026 18:27
2b2048e8-10fb-430f-ae12-92b486dcce34,corked.services,available,5.48,51.98,medium,low,6,namecheap,,,13/08/2026 01:20
3e61d4ae-7d41-4ad2-9d0a-62211f462c32,impeding.services,available,5.48,51.98,medium,low,8,namecheap,,,12/08/2026 11:44
9e9a7a5a-ee5c-4538-a0ef-8faf1176fb9c,perverse.services,available,5.48,51.98,medium,low,8,namecheap,,,14/08/2026 02:31
87e7312c-f279-4fdc-b034-0d2ce7b4da65,warily.services,available,5.48,51.98,medium,low,6,namecheap,,,16/09/2026 11:20
591faa78-d199-4770-8724-2621418959fa,bimodal.services,available,5.48,51.98,medium,low,7,namecheap,,,09/08/2026 23:23
0bcb427a-8bcb-4f6a-bc65-90b7de6f03a9,supernatural.services,available,14.99,38.99,high,low,12,namesilo,,,25/09/2026 14:30
1d371715-2902-44d9-99b3-ecf6886c57da,warwick.services,available,14.99,38.99,high,low,7,namesilo,,,25/09/2026 05:09
312f1889-f933-40d0-a2b0-205c58326d79,bashfully.services,available,5.48,51.98,medium,low,9,namecheap,,,13/09/2026 23:41
3378f8fb-825a-42c0-8ce5-90f82eb9c590,likable.services,available,5.48,51.98,high,low,7,namecheap,,,23/08/2026 06:14
91360227-084a-4a3b-9f8e-534a98d83f0f,treasured.services,resell,,,high,low,9,"GoDaddy.com, LLC",20/12/2025 21:51,20/12/2026 21:51,26/09/2026 09:44
c3512d4d-8d1e-4cf3-bdf2-455218a958ba,unipolar.services,available,5.48,51.98,medium,low,8,namecheap,,,12/09/2026 13:46
34f99ceb-06e7-4167-b217-18768d8be43d,papuan.services,available,5.48,51.98,high,low,6,namecheap,,,05/09/2026 01:44
1fb9c397-1626-40cd-965e-b2477343fa84,conspicuous.services,available,30.2,30.2,medium,low,11,cloudflare,,,29/09/2026 03:02
37624d72-6f99-4680-b7e1-97c901dc0d2b,napkin.services,available,5.48,51.98,high,low,6,namecheap,,,28/09/2026 08:00
5a7798c4-3b94-4123-a1ef-bbadbe8d78ae,antitoxin.services,available,14.99,38.99,high,low,9,namesilo,,,19/09/2026 15:12
58da29dd-1a15-44c7-b1c3-30946e67e7eb,emphasise.services,available,14.99,38.99,high,low,9,namesilo,,,16/09/2026 21:53
84fa323b-23ef-4d72-871a-6b6fb951055f,fijian.services,available,5.48,51.98,high,low,6,namecheap,,,18/08/2026 04:02
e1fc5c05-3f63-48f8-9038-42b08a135c82,lipoma.services,available,14.99,38.99,medium,low,6,namesilo,,,17/09/2026 08:18
013ea4d7-4cc7-400f-8ed4-e0c0d18cec19,washup.services,available,5.48,51.98,medium,low,6,namecheap,,,24/09/2026 22:42
22b33fe8-1c56-4488-9f80-c6239d7d0f37,denial.services,available,8.78,32.32,high,low,6,dynadot,,,29/09/2026 13:58
c827ff57-e274-4a54-b751-cade975da79d,possession.services,available,15.99,,high,low,10,name.com,,,
3b932f24-9bde-4a83-8f37-1306b0bbf9bd,analogist.services,available,14.99,38.99,medium,low,9,namesilo,,,19/09/2026 01:52
ff6c82cb-bc80-4cf6-bb89-7aeebf1cabbe,endured.services,available,8.78,32.32,medium,low,7,dynadot,,,29/09/2026 23:57
7fe7fadc-d7c8-48ef-8ed2-089c50b6d3de,rente.services,available,14.99,38.99,medium,low,5,namesilo,,,19/09/2026 10:58
909d3f2d-649f-417a-99f3-115d0ee6362f,shredded.services,available,5.48,51.98,high,low,8,namecheap,,,12/08/2026 06:59
d76145b8-0b23-46f6-b371-f628169dc1bd,movingly.services,available,5.48,51.98,medium,low,8,namecheap,,,15/09/2026 15:35
f6d02d48-0df8-4121-a0c4-0ef60181393b,rumor.services,available,5.48,51.98,high,low,5,namecheap,,,21/08/2026 02:05
8bfc9f27-517f-43bf-b2cf-23558941c88d,drubbing.services,available,5.48,51.98,medium,low,8,namecheap,,,13/09/2026 07:58
db741377-3ee7-46e8-b68a-fb9e3ec488f3,aiken.services,available,5.48,51.98,high,low,5,namecheap,,,17/09/2026 21:01
cf39f549-3c41-4f54-86fa-9c82de7dbec5,semifinal.services,available,14.99,38.99,high,low,10,namesilo,,,16/09/2026 09:45
9a6a0185-d8b1-4f08-9c1a-70357d9dca8c,ashtray.services,available,14.99,38.99,high,low,7,namesilo,,,20/09/2026 14:02
e00f4f12-4e57-4384-87b3-c071f4bf9d91,song.services,premium,207.2,414.2,high,low,4,spaceship,,,29/09/2026 02:49
e63fe7e8-cd64-4664-a6f2-cd8f038afea5,listens.services,available,8.78,32.32,medium,low,7,dynadot,,,29/09/2026 11:31
cf2ef431-8a0e-4e89-aaf8-1a0c03bcc10b,napkins.services,available,15.99,52.99,medium,low,7,name.com,,,21/09/2026 05:52
de98fab6-0287-44b3-bb20-05cded20329f,tyrannical.services,available,5.48,51.98,medium,low,10,namecheap,,,07/08/2026 19:12
8db684bf-59f1-4ea0-a2fb-f465b0e65209,gravy.services,available,14.99,38.99,high,low,5,namesilo,,,24/09/2026 11:11
6e061d0b-405a-4f2f-a1d5-3d0e91a8b7fb,stored.services,available,14.99,38.99,medium,low,6,namesilo,,,28/09/2026 17:31
f06a30f7-6c9d-45b2-b7ac-6e8b5d393fb8,hunters.services,available,8.75,31.41,medium,low,7,porkbun,,,28/09/2026 08:39
ec5a9249-1344-4768-9ce4-7b04b0db1de8,inflated.services,available,5.48,51.98,medium,low,8,namecheap,,,21/08/2026 08:47
dbefcdd3-f714-4e63-b3b5-6e661d70562c,unhallowed.services,available,5.48,51.98,medium,low,10,namecheap,,,12/09/2026 11:49
c402317a-5d3f-4e64-8d53-0551c94478e3,diddle.services,available,5.48,51.98,medium,low,6,namecheap,,,14/09/2026 07:58
c48a7ecf-ea8d-4234-bdad-f5875aa362f6,archil.services,available,14.99,38.99,medium,low,6,namesilo,,,20/09/2026 02:06
37a9a9f0-8a00-43d4-ad09-59353bad52a7,knocks.services,available,5.48,51.98,medium,low,6,namecheap,,,20/09/2026 13:49
c3252409-3f02-4a7e-8c7e-60cb56c8d9cd,madeleine.services,available,14.99,38.99,high,low,9,namesilo,,,29/09/2026 14:18
28871a0a-1010-4b02-b068-8205016597ef,coercive.services,available,5.48,51.98,medium,low,8,namecheap,,,12/08/2026 15:24
8a52ad2a-9708-4cab-ab60-3ee7c8a97048,cape.services,resell,,,high,low,4,"GoDaddy.com, LLC",30/03/2026 00:51,30/03/2027 00:51,26/09/2026 04:45
358cc867-d0f3-4024-b16a-d7fc105a0627,crucify.services,available,5.48,51.98,medium,low,7,namecheap,,,14/08/2026 21:17
363658e2-d60c-4397-98f8-83a3d2b4a2e6,splits.services,available,14.99,38.99,high,low,6,namesilo,,,20/09/2026 07:59
ba8062be-dffc-4737-954f-ca8e195f2c92,autocue.services,available,14.99,38.99,medium,low,7,namesilo,,,21/09/2026 06:14
0156e7f8-2e3a-4c98-8e19-db071f8f6ff3,deceived.services,available,5.48,51.98,low,low,8,namecheap,,,29/09/2026 23:13
3ea799e1-35dc-4808-9ea4-701f2c493ec1,murat.services,available,4.86,31.25,medium,low,5,spaceship,,,29/09/2026 22:16
35b1aa7d-430e-4a4d-873f-62ec81263b21,hobbies.services,available,14.99,38.99,medium,low,7,namesilo,,,20/09/2026 22:38
df9dd732-61db-4661-b6d8-e655526d52d9,franchise.services,resell,,,high,low,9,"GoDaddy.com, LLC",07/07/2014 23:41,07/07/2027 23:41,26/09/2026 06:14
dc163f6a-9f96-48f2-aa98-5a56c3dd5bc1,homebound.services,resell,,,medium,low,9,"Go Canada Domains, LLC",09/07/2014 16:00,09/07/2027 16:00,26/09/2026 06:42
20a20c11-b8d9-47db-baa4-1a3cbdc21d79,acrogen.services,available,14.99,38.99,medium,low,7,namesilo,,,17/09/2026 03:44
28e3ed9f-eed5-45d9-a95e-fc9b90bccb86,wrongful.services,available,13.5,,medium,low,8,unstoppable,,,28/09/2026 11:11
0c1bf3a3-d051-4ae5-86aa-9174e0eead75,sexton.services,available,14.99,38.99,medium,low,6,namesilo,,,19/09/2026 10:22
765494e9-e4b7-4da4-bf5f-e36d9dc65b97,powdery.services,available,5.48,51.98,medium,low,7,namecheap,,,18/08/2026 04:39
7282f217-276e-4d33-9c40-9465d073033a,downturn.services,available,14.99,38.99,medium,low,8,namesilo,,,24/09/2026 23:42
a5c56204-cbe0-4a5a-987f-e41186d30170,book.services,premium,,,high,medium,4,,,,28/09/2026 07:19
e913a88b-0ea7-4c6d-8e97-1543bb88f7d8,which.services,available,,,high,medium,5,,,,
6ce92025-7c64-495c-9f14-862362024e78,padded.services,available,5.48,51.98,high,low,6,namecheap,,,13/08/2026 11:57
a7fd09df-ad62-42ab-bc1a-7c32910e4ad5,utter.services,available,13.5,,high,low,5,unstoppable,,,28/09/2026 10:04
ab218430-5820-4751-adc8-9194c7c34532,nagging.services,available,5.48,51.98,medium,low,7,namecheap,,,03/09/2026 12:41
f6ea2aff-87bb-425f-a3fc-ac086372bd40,clxx.services,available,5.48,51.98,medium,low,4,namecheap,,,
7662e275-8aca-4d07-8537-b1ff43b3c8f6,elsa.services,available,14.99,38.99,high,low,4,namesilo,,,28/09/2026 08:37
e8a02503-0afc-4f64-839f-b84b879d54f9,atar.services,available,5.48,51.98,medium,low,4,namecheap,,,20/09/2026 19:24
266edf35-0316-453c-a406-dfd5d857442f,undreamt.services,available,5.48,51.98,medium,low,8,namecheap,,,12/09/2026 08:24
13014940-0189-4903-8ba7-1f5c1718b25a,upwind.services,available,5.48,51.98,high,low,6,namecheap,,,22/08/2026 22:35
2358af60-0912-4391-b315-f09b3251dfc3,hates.services,available,30.2,30.2,low,low,5,cloudflare,,,27/09/2026 23:03
dd2efd8a-9828-49dd-8fe9-21538d98c655,insignificant.services,available,15.99,,medium,low,13,name.com,,,
116964bf-f059-49e4-af16-8045502a31f7,pall.services,available,5.48,51.98,medium,low,4,namecheap,,,22/08/2026 11:56
3e78f234-8e35-4317-970d-f75cb9e84cb2,louie.services,available,30.2,30.2,high,low,5,cloudflare,,,28/09/2026 11:43
711fc0e9-869a-4972-be9f-0b3b132468ee,casualty.services,available,13.5,,medium,low,8,unstoppable,,,28/09/2026 18:35
34894860-7256-432d-9197-f22e75ff5ed1,histrionic.services,available,5.48,51.98,medium,low,10,namecheap,,,21/08/2026 09:57
aee6a3e9-7f3a-40f6-be69-9e59103bd739,drag.services,available,14.99,38.99,high,low,4,namesilo,,,25/09/2026 22:05
b140c1f2-1316-4d21-abea-7cce197bf735,anasarca.services,available,14.99,38.99,medium,low,8,namesilo,,,19/09/2026 03:14
b3888666-7e05-4b30-aa3a-2839f01dd8fa,expectation.services,available,8.75,31.41,high,low,11,porkbun,,,29/09/2026 10:12
a646f25f-b14c-458d-8dae-c28f6cffb469,questions.services,available,14.99,38.99,high,low,9,namesilo,,,28/09/2026 07:02
3da11390-18e2-46f4-b89b-48e83072a205,gallo.services,resell,,,medium,low,5,,,,28/09/2026 23:17
8842dc00-ce07-4482-9e89-de0a8632a88c,lasted.services,available,13.5,,medium,low,6,unstoppable,,,28/09/2026 04:59
235d6edd-5c47-497a-9ae3-63c50e1203b8,trick.services,available,14.99,38.99,high,low,5,namesilo,,,22/09/2026 06:28
b8d46b07-5041-4bb7-a9a6-3f22a994e8e8,mournfully.services,available,5.48,51.98,medium,low,10,namecheap,,,15/09/2026 15:33
bd9441b3-467f-4a17-a43f-11667767ae1a,cynic.services,available,5.48,51.98,high,low,5,namecheap,,,24/09/2026 20:49
2e75d2fd-644e-45a2-8bba-9772271259a3,preserve.services,available,14.99,38.99,high,low,8,namesilo,,,24/09/2026 17:28
7202735d-9a71-463b-83af-5229a29d43c4,bandy.services,available,5.48,51.98,medium,low,5,namecheap,,,08/08/2026 11:45
307de4ee-bea3-49fd-a5e9-89474f10082f,aspinwall.services,available,14.99,38.99,medium,low,9,namesilo,,,20/09/2026 15:18
5808562d-83ea-4ca0-b85e-13bc78346444,expressing.services,available,5.48,51.98,medium,low,10,namecheap,,,29/09/2026 05:05
c02e7074-dd54-4727-9be9-95ecf05b8477,unsaved.services,available,5.48,51.98,medium,low,7,namecheap,,,12/09/2026 17:57
452a8451-abc9-4519-a259-2e098903a0e9,shag.services,available,5.48,51.98,medium,low,4,namecheap,,,18/08/2026 17:33
ed90f0ea-c6b4-4373-9c9c-eac79b2c4c51,populations.services,available,5.48,51.98,medium,low,11,namecheap,,,18/09/2026 17:58
3b7e976f-fa1f-41bb-9e3b-753b1456b88f,fastest.services,available,5.48,51.98,high,low,7,namecheap,,,14/09/2026 17:49
7749d637-2604-4d19-a83d-2b4bb3004086,peppy.services,available,5.48,51.98,high,low,5,namecheap,,,08/09/2026 15:44
52ee2385-8898-41a6-a8d3-ba7c1bddaa85,stupendous.services,available,5.48,51.98,high,low,10,namecheap,,,12/08/2026 18:00
a49dcb67-0000-484a-8e0f-345d52e75057,backstop.services,available,14.99,38.99,high,low,8,namesilo,,,21/09/2026 16:06
ed2fffa2-c58f-44be-a3a4-fbafa66e651d,semisoft.services,available,5.48,51.98,medium,low,8,namecheap,,,10/09/2026 03:24
91945f1d-6174-4e02-a4d2-5f3cf3fffffa,captains.services,available,4.86,31.25,medium,low,8,spaceship,,,28/09/2026 23:33
bc05df51-0799-4494-9929-d31c4c8955d1,wagram.services,available,5.48,51.98,medium,low,6,namecheap,,,22/09/2026 16:18
0df1a042-9f97-453d-80f8-7eaa653fd6f6,nausea.services,available,13.5,,medium,low,6,unstoppable,,,29/09/2026 13:32
4471e7d6-7215-44ea-8da4-b1f54c811cf0,taurine.services,available,5.48,51.98,medium,low,7,namecheap,,,11/09/2026 09:15
1c0ae62c-408d-41a6-b80d-1e39e2da40f8,jon.services,premium,78.54,78.54,high,low,3,namesilo,,,25/09/2026 14:02
dd44a56d-b71a-49a6-abdd-78a8f30861c7,uniformed.services,premium,42.9,85.8,high,low,9,namecheap,,,12/09/2026 12:57
e4016058-40c4-4eb0-9599-a6316bba11be,avidness.services,available,14.99,38.99,medium,low,8,namesilo,,,21/09/2026 09:29
d6ed4c04-d168-4a28-a5f8-9cd800083050,carribean.services,available,15.99,,high,low,9,name.com,,,
fff27e07-a96a-482f-b96b-f318da6f6ec7,carboxylic.services,available,5.48,51.98,medium,low,10,namecheap,,,11/08/2026 18:46
6f9e16c7-301d-41b1-9d03-72d463b98d3b,sweetness.services,available,14.99,38.99,high,low,9,namesilo,,,29/09/2026 00:59
775ffb27-bd5b-4bb0-9c47-f1720e49509d,astuteness.services,available,5.48,51.98,high,low,10,namecheap,,,20/09/2026 18:21
108c2dd6-9da7-4f6a-ba14-0f0d4e07e1be,verne.services,available,14.99,38.99,medium,low,5,namesilo,,,29/09/2026 01:27
e0622d09-e816-4161-8d3c-6931a29b6609,upfield.services,available,5.48,51.98,medium,low,7,namecheap,,,12/09/2026 23:08
266615b2-10a5-4c1d-ac10-21d1071a8643,empyrean.services,resell,,,medium,low,8,"GoDaddy.com, LLC",19/12/2025 12:25,19/12/2026 12:25,26/09/2026 05:49
3a7eca7a-496a-4971-89ff-159abb4658ba,avestan.services,available,5.48,51.98,medium,low,7,namecheap,,,07/08/2026 23:07
52b220f5-8005-48cc-8e31-fb6030dd6fdf,unbleached.services,available,5.48,51.98,medium,low,10,namecheap,,,12/09/2026 02:04
59873e2a-86c5-49aa-967a-873e19fb6b79,sample.services,available,5.48,51.98,high,low,6,namecheap,,,25/09/2026 10:33
e75e5475-2fff-4f40-929c-f5e1047183ae,obstinate.services,available,5.48,51.98,medium,low,9,namecheap,,,13/08/2026 12:17
d0bcd388-d1a6-47bf-8adc-bf3421639d4e,amiability.services,available,14.99,38.99,high,low,10,namesilo,,,17/09/2026 13:57
95d81f88-cbf9-46f9-8c52-3fd19099132f,rebuilt.services,available,8.78,32.32,high,low,7,dynadot,,,29/09/2026 16:05
b255094a-6049-435e-a072-7e07e887d634,subaltern.services,available,5.48,51.98,medium,low,9,namecheap,,,22/08/2026 14:29
83094553-86e0-4aa9-8f24-c5003f117d97,epitope.services,available,14.99,38.99,medium,low,7,namesilo,,,19/09/2026 14:25
d6caddd2-2801-487b-93b9-1d61b8d74d36,grievous.services,available,5.48,51.98,medium,low,8,namecheap,,,07/08/2026 14:41
d4fe03eb-e7bc-47be-a46a-dc3b9d92ae4f,warwickshire.services,available,13.5,,medium,low,12,unstoppable,,,29/09/2026 03:43
18593e62-a104-4756-80bf-4ec9f7e35fee,cerebellar.services,available,5.48,51.98,medium,low,10,namecheap,,,12/08/2026 00:28
45f733be-b373-4fc6-b202-f9d9664819bb,angus.services,available,14.99,38.99,high,low,5,namesilo,,,16/09/2026 15:11
181daebf-8a94-41e0-8f4e-0cb41670ae34,canonical.services,available,5.48,51.98,high,low,9,namecheap,,,11/08/2026 17:23
b4448ab6-424c-4a6e-9ce8-b8dd1ac252ad,abbot.services,available,14.99,38.99,medium,low,5,namesilo,,,16/09/2026 14:31
34efa6c1-c95b-4af7-bd47-dfc2ecbec6fe,mailed.services,available,5.48,51.98,high,low,6,namecheap,,,24/08/2026 13:18
6a07b6ea-7988-4ea5-b037-0538dbca6db1,flushing.services,available,13.5,,medium,low,8,unstoppable,,,29/09/2026 10:01
c508d981-4923-48b1-9206-6f08bd386498,andira.services,available,14.99,38.99,medium,low,6,namesilo,,,19/09/2026 04:05
db042d01-e853-491d-82ff-5ecbdc25ecb5,perfidy.services,available,5.48,51.98,medium,low,7,namecheap,,,23/09/2026 11:25
c7ee88b1-5a13-4c43-b197-320986bd5b86,bonefish.services,available,5.48,51.98,high,low,8,namecheap,,,18/09/2026 03:25
69adb4fd-dbcf-402d-b537-986a9e46af0d,bassoon.services,available,14.99,38.99,high,low,7,namesilo,,,22/09/2026 12:33
1953ceb7-a8fa-4644-9441-b8670604e802,summary.services,resell,,,high,low,7,"GoDaddy.com, LLC",29/01/2016 04:34,29/01/2027 04:34,26/09/2026 09:23
57fff9c7-00f6-4885-a528-2e6cc80b4ce1,anticancer.services,available,14.99,38.99,high,low,10,namesilo,,,22/09/2026 06:38
81f5fed7-9672-49d4-bdc9-bc9bfebf9ddf,dirigible.services,available,5.48,51.98,medium,low,9,namecheap,,,14/08/2026 09:02
44767bd1-0c27-4843-991f-467a57867124,gammy.services,available,5.48,51.98,medium,low,5,namecheap,,,18/08/2026 20:04
3e221b33-197a-4a1f-9044-707da069e58e,sympathetic.services,available,15.99,,high,low,11,name.com,,,
05880433-ce14-44f1-8e30-a27b598fb470,bagful.services,available,5.48,51.98,medium,low,6,namecheap,,,21/09/2026 17:57
0ebccea3-b27b-4d05-a45f-47e960b3d5cd,turbinate.services,available,5.48,51.98,medium,low,9,namecheap,,,12/08/2026 16:20
b5ca4a86-ba58-4e8d-9a60-ea4a0e1b351a,scrimpy.services,available,5.48,51.98,medium,low,7,namecheap,,,24/08/2026 18:10
7fdccf69-e0ca-4f67-9612-50018762e195,atheist.services,premium,130,260,medium,low,7,namecheap,,,22/09/2026 10:58
fbf0ceb2-76d1-4982-8b2b-c244b18b006e,activator.services,available,14.99,38.99,high,low,9,namesilo,,,17/09/2026 05:10
e48004fe-c9e1-4336-bfb2-44e0c4c04950,macy.services,available,14.99,38.99,medium,low,4,namesilo,,,28/09/2026 22:01
fc2a0467-e47e-4ede-992e-5398fd37b2ad,slogan.services,available,14.99,38.99,high,low,6,namesilo,,,28/09/2026 18:37
3a865f75-b5c4-4264-be6d-555af85d83d5,slaves.services,available,30.2,30.2,low,low,6,cloudflare,,,27/09/2026 23:05
6f9cdab6-d78f-4c69-98eb-eb0986fa1d73,pentagonal.services,available,5.48,51.98,high,low,10,namecheap,,,08/09/2026 15:00
0ff7a9be-b9e5-4968-80de-a68280c45073,egoistic.services,available,5.48,51.98,medium,low,8,namecheap,,,15/08/2026 18:54
8f3da9cd-9a8d-4673-82ac-68390ddeb54d,lewdly.services,available,5.48,51.98,low,low,6,namecheap,,,15/09/2026 11:12
baa9c0af-a1b5-414a-a68d-99c442338bb3,glasses.services,resell,,,high,low,7,"Sav.com, LLC",31/08/2022 08:35,31/08/2027 08:35,29/09/2026 18:45
754fc5df-5121-47cf-abdc-f527688ce017,fitly.services,available,5.48,51.98,medium,low,5,namecheap,,,13/09/2026 20:33
9f3edfbd-ca64-4bd4-b04a-9ecaa9852847,eolotropic.services,available,5.48,51.98,medium,low,10,namecheap,,,
53c680c6-36d9-430a-aef1-0ffc61181571,preceding.services,available,15.99,,medium,low,9,name.com,,,
c5c7aa82-ba36-4fa6-a65f-dcb284a365b2,granted.services,available,14.99,38.99,high,low,7,namesilo,,,24/09/2026 22:19
a08b233a-b022-4e43-afa6-178eb7780722,keno.services,available,14.99,38.99,high,low,4,namesilo,,,22/09/2026 20:42
0b53f926-2ceb-4d4c-baea-5ca8f162890a,blackamoor.services,available,5.48,51.98,medium,low,10,namecheap,,,03/09/2026 15:12
8b3de30d-8d2c-42c3-9d2e-4a9a82ec7aed,incubation.services,available,5.48,51.98,high,low,10,namecheap,,,11/08/2026 06:10
e07d5609-8b40-4559-9b96-e1f296919481,versailles.services,available,4.86,31.25,high,low,10,spaceship,,,29/09/2026 19:53
f3a870e3-e8a5-4ed2-9c70-4181e2465737,cretin.services,available,5.48,51.98,medium,low,6,namecheap,,,21/08/2026 20:26
22cf0bd2-2ce6-4ea4-855a-f524c024115f,whopping.services,available,5.48,51.98,high,low,8,namecheap,,,08/08/2026 13:14
bca36eac-a444-4228-a1e8-9eedca7c46e3,falsetto.services,available,5.48,51.98,high,low,8,namecheap,,,17/08/2026 21:33
ca754a51-8a4f-4e05-b764-0e86cda6f40f,dissembler.services,available,5.48,51.98,medium,low,10,namecheap,,,08/09/2026 19:10
19028f1f-31ef-4ada-bafb-854dceadcf5d,clears.services,available,30.2,30.2,high,low,6,cloudflare,,,29/09/2026 17:52
2e1e4f0f-a964-4aea-8b13-0a9a53d3cb67,gur.services,available,5.48,51.98,medium,low,3,namecheap,,,13/09/2026 06:52
c399459b-b712-404e-a0fd-0d97d62936ec,profuse.services,available,5.48,51.98,high,low,7,namecheap,,,24/08/2026 11:47
e261a00e-71d8-4e5b-8387-f08bdc760117,afro.services,available,14.99,38.99,high,low,4,namesilo,,,17/09/2026 15:30
7b1a4c2d-31cc-44b4-93e1-3a3a92e7365e,xliv.services,available,5.48,51.98,medium,low,4,namecheap,,,
7570f430-6d95-4cc0-9f88-85cdceb0ab62,silverman.services,available,13.5,,medium,low,9,unstoppable,,,28/09/2026 12:16
b02c2dc5-6ce2-4765-8655-b8078c9e5960,iain.services,available,13.5,,high,low,4,unstoppable,,,29/09/2026 15:22
0cc284ba-4624-4e8c-825c-58f6bf22b176,haircut.services,available,30.2,30.2,high,low,7,cloudflare,,,29/09/2026 21:56
14e770b3-e734-446c-9e17-b60f19ea1500,seepage.services,available,5.48,51.98,medium,low,7,namecheap,,,04/09/2026 15:38
2835abba-0d1b-4fe1-b975-8d7d3615777a,thinkable.services,available,5.48,51.98,high,low,9,namecheap,,,11/09/2026 13:28
120ff90c-15c6-4ac2-98ee-afd5d63111b5,brabble.services,available,14.99,38.99,medium,low,7,namesilo,,,23/09/2026 13:20
f73dcd1f-4c68-41ff-9b73-35f63faff12c,niches.services,premium,78.54,78.54,medium,low,6,namesilo,,,20/09/2026 09:56
62dd7519-255c-4d3c-8581-b7c4aab7585f,upstage.services,available,,,high,low,7,,,,
ddf47dd9-6c42-435b-bbf1-f0398596303b,annulment.services,available,14.99,38.99,medium,low,9,namesilo,,,16/09/2026 17:16
fce73814-8db9-4455-b968-f31decd5502c,antidote.services,available,15.99,52.99,high,low,8,name.com,,,19/09/2026 14:20
a5416f52-23c0-4067-bbf3-b6bb719bcd34,bellbird.services,available,5.48,51.98,medium,low,8,namecheap,,,23/09/2026 05:55
de96fd47-cff2-4132-923d-bbb012a54c0d,chancy.services,available,5.48,51.98,medium,low,6,namecheap,,,12/08/2026 01:41
0b336f66-c3b4-42a3-817c-c74db3339f08,nance.services,available,5.48,51.98,medium,low,5,namecheap,,,09/09/2026 08:05
63c75651-5461-4a4f-af4e-81cfc3183577,deficient.services,available,5.48,51.98,medium,low,9,namecheap,,,13/08/2026 23:22
4c9ee586-9446-4b46-9c94-eceebb885ef0,bandwagon.services,available,14.99,38.99,high,low,9,namesilo,,,22/09/2026 01:35
a5cb60e2-7210-4044-8744-7f4e28deb477,lxxvii.services,available,5.48,51.98,medium,low,6,namecheap,,,
d2200f72-aedb-400b-ac45-bd8a26472b6d,retired.services,available,4.86,31.25,high,low,7,spaceship,,,27/09/2026 13:17
91df217d-6beb-4178-9e5d-de5b445bade0,libber.services,available,5.48,51.98,medium,low,6,namecheap,,,18/08/2026 01:03
5151b68c-93fa-4f7c-a1b1-fe87c99dc368,vainly.services,available,5.48,51.98,medium,low,6,namecheap,,,15/09/2026 07:33
f7b221f0-1048-4f8b-95f3-9bde86c88457,sticky.services,premium,512,512,high,low,6,namesilo,,,27/09/2026 06:57
fd6ff544-ccf3-4536-be68-737fe4f28884,skirting.services,available,14.99,38.99,medium,low,8,namesilo,,,20/09/2026 08:31
43806497-e53b-410a-a083-328ba800e79f,amnion.services,available,14.99,38.99,high,low,6,namesilo,,,18/09/2026 22:24
e4e7b054-efc1-406c-9670-fc3bb6e200ca,sunstruck.services,available,5.48,51.98,medium,low,9,namecheap,,,11/09/2026 02:01
386fc7da-1892-4d0e-be31-72805a1a1e4c,birthrate.services,available,5.48,51.98,high,low,9,namecheap,,,23/09/2026 20:56
f4cce803-51cf-49fe-a9a5-be86d7cbde24,hormonal.services,available,5.48,51.98,high,low,8,namecheap,,,21/08/2026 14:02
39553ffe-ff71-4bda-8588-8d8e445b123d,writes.services,available,15.99,52.99,medium,low,6,name.com,,,17/09/2026 14:27
69072c59-f9b1-47b9-b5ce-d1b8d3761f1e,unsecured.services,available,5.48,51.98,medium,low,9,namecheap,,,12/09/2026 01:41
f5f85dc7-2038-4059-b14b-5e7c1e3bac1f,obscenely.services,available,5.48,51.98,medium,low,9,namecheap,,,15/09/2026 11:14
abe9d7b0-f782-4bcd-8b2e-c2544e8be6ee,schonberg.services,available,5.48,51.98,high,low,9,namecheap,,,20/09/2026 08:20
7208dba5-0d2b-4937-b6c2-81c6df41ebdd,hydric.services,available,5.48,51.98,medium,low,6,namecheap,,,21/08/2026 16:23
8b0bae70-7e3e-4475-92e9-5927f9a21dcb,says.services,available,5.48,51.98,medium,low,4,namecheap,,,
335993e5-d034-4728-abfb-961648a1cd6a,slurred.services,available,5.48,51.98,medium,low,7,namecheap,,,10/09/2026 11:42
c0bdef78-ef7f-48ca-bdc6-247283ab001a,uncharged.services,available,5.48,51.98,medium,low,9,namecheap,,,12/09/2026 05:06
f933332a-30ce-41f4-8df1-eb03c9e0f997,cooker.services,available,5.48,51.98,high,low,6,namecheap,,,24/09/2026 18:03
bedab6e6-3d18-45f0-9375-7cadcff0379e,vapid.services,available,5.48,51.98,medium,low,5,namecheap,,,10/08/2026 13:04
4c4974c3-eacc-49a2-9d73-422eb21b7505,assagai.services,available,5.48,51.98,medium,low,7,namecheap,,,20/09/2026 15:41
befdca8a-d3d5-4c94-b206-7e2f9269a2cb,cowardice.services,available,5.48,51.98,medium,low,9,namecheap,,,24/09/2026 18:57
3bd542cb-dc7d-4cd2-adcb-7ddfcd540653,blitt.services,available,14.99,38.99,medium,low,5,namesilo,,,21/09/2026 14:13
504890cd-6baa-46e2-bd2a-013772cc5940,colourful.services,available,5.48,51.98,high,low,9,namecheap,,,12/08/2026 17:51
a5734c81-253a-4385-9beb-391bfd6c2fd9,equipped.services,available,5.48,51.98,high,low,8,namecheap,,,24/09/2026 14:45
c507c9c7-d8f0-4738-b089-38e4dac5e748,circumference.services,available,8.75,31.41,medium,low,13,porkbun,,,30/09/2026 03:32
260ce042-752f-4cb5-b992-6255cafbaff2,define.services,available,14.99,38.99,high,low,6,namesilo,,,24/09/2026 05:41
4be5b9b9-22ef-42f9-b08f-e1ea46b634d3,pervious.services,available,5.48,51.98,medium,low,8,namecheap,,,08/09/2026 18:09
843b14a4-acbd-4f02-93b9-11f9f87a31bc,album.services,available,30.2,30.2,high,low,5,cloudflare,,,28/09/2026 20:08
fd38a8ec-5981-42a0-b7fe-c03c647b11ed,unimagined.services,available,5.48,51.98,medium,low,10,namecheap,,,12/09/2026 08:26
cdbd38d3-17eb-4ffc-ad3e-1d7e0d3ebb15,griffiths.services,available,14.99,38.99,medium,low,9,namesilo,,,26/09/2026 03:40
913a884a-55ca-418f-a802-36e77b3d6b72,whatnot.services,available,15.99,,high,low,8,name.com,,,
3e3ff0a4-e1e9-4200-abf3-07a538a7529a,actinide.services,available,5.48,51.98,medium,low,8,namecheap,,,
f428027c-4245-4b6a-808b-b69ab5c55301,otago.services,available,14.99,38.99,high,low,5,namesilo,,,29/09/2026 22:17
cb15712f-6af5-4f8d-ada1-73d430032679,lighter.services,available,14.99,38.99,high,low,7,namesilo,,,22/09/2026 05:44
44a97180-7d73-4d6b-9248-02d5800a21a7,sugarless.services,available,14.99,38.99,medium,low,9,namesilo,,,19/09/2026 15:11
ef29ffa3-3ac1-498e-9cc8-a9d2acbf41f2,sevilla.services,available,8.75,31.41,high,low,7,porkbun,,,29/09/2026 13:56
22daa7ba-1036-4e89-85e2-5161730b9b9f,nonhuman.services,available,5.48,51.98,medium,low,8,namecheap,,,03/09/2026 19:22
813717fe-e0f3-4612-a802-dd89dcec1a01,mine.services,resell,,,high,low,4,"Spaceship, Inc.",22/04/2026 22:10,22/04/2027 22:10,26/09/2026 07:34
da86c0f6-6e50-4c33-840e-7ce33ddcfacb,wrinkly.services,available,5.48,51.98,medium,low,7,namecheap,,,13/09/2026 13:47
c6593b87-8ac5-434e-80a2-91142ec5c959,extropic.services,available,5.48,51.98,medium,low,8,namecheap,,,17/08/2026 19:38
2a451708-e3b7-4312-8635-50723c5183b2,allowance.services,available,4.86,31.25,high,low,9,spaceship,,,28/09/2026 20:37
2ef83b2f-d5e4-4404-bc81-35ad9f8e1934,middling.services,available,5.48,51.98,medium,low,8,namecheap,,,22/08/2026 13:46
a4c04a2d-d416-48c2-b68e-dd9b734aff90,epistolary.services,available,5.48,51.98,high,low,10,namecheap,,,17/08/2026 11:14
5069d14e-13f5-42eb-aa1a-d680a16e1d9e,fought.services,available,15.99,,medium,low,6,name.com,,,
f9dad659-d8f5-4982-aed5-4d1f696e134d,unwrinkled.services,available,5.48,51.98,medium,low,10,namecheap,,,12/09/2026 22:55
31b0da34-29af-4c4d-ace5-b5e2c6334c21,forces.services,available,14.99,38.99,high,low,6,namesilo,,,16/09/2026 15:45
9c00e2ae-f697-4d20-87c4-e3ba8c4ea11e,dissected.services,available,5.48,51.98,medium,low,9,namecheap,,,12/08/2026 10:41
8afa6050-b5fa-4f5e-b61d-95547c476e07,battles.services,available,14.99,38.99,medium,low,7,namesilo,,,28/09/2026 08:54
8bc4801a-5222-453c-9247-578037b22fd0,poitiers.services,available,14.99,38.99,medium,low,8,namesilo,,,22/09/2026 15:48
9a0e81c3-20e5-416b-a9dd-a3f9186f4f3a,knower.services,available,14.99,38.99,medium,low,6,namesilo,,,19/09/2026 22:14
98be659d-0f56-4e5d-9c27-5a6c2c79e795,verbosely.services,available,5.48,51.98,medium,low,9,namecheap,,,15/09/2026 12:43
761e948d-dc5e-4665-a014-98a2657c8c5d,chemic.services,available,5.48,51.98,medium,low,6,namecheap,,,12/08/2026 04:12
1cb3a45a-78fd-4ce2-98f9-ca56c7468afa,chian.services,available,5.48,51.98,medium,low,5,namecheap,,,12/08/2026 04:34
2611214d-248d-4d20-9f1e-3149039a6b13,leash.services,available,5.48,51.98,high,low,5,namecheap,,,